place_id,name,location_lat,location_lng,types,rating,total_reviews,address,is_amusement_park,is_aquarium,is_art_gallery,is_bowling_alley,is_library,is_movie_theater,is_mosque,is_cafe,is_church,is_night_club,is_park,is_point_of_interest,is_museum,is_restaurant,is_zoo,family,romantic,cheap,kids,expensive,friends
ChIJQcW8LT2tXkERLI6TYxvjLuk,Кырлай Парк Аттракционов,55.8107228,49.100556700000006,"amusement_park,point_of_interest,establishment",4.4,3201,"ул. Односторонка Гривки, 1а, Казань, Респ. Татарстан, Россия, 420066",1,0,0,0,0,0,0,0,0,0,1,1,0,0,0,0,0,0,0,1,0
ChIJf-EDWfWtXkERPtZ19AJuNEo,ОстровОК Развлечений,55.780915,49.213188,"amusement_park,point_of_interest,establishment",4.1,24,"просп. Победы, 141, Казань, Респ. Татарстан, Россия, 420100",1,0,0,0,0,0,0,0,0,0,1,1,0,0,0,0,0,0,0,1,0
ChIJletSTBetXkERNkGZb55eYco,Лабиринт Страха,55.7895716,49.1178426,"amusement_park,point_of_interest,establishment",4.2,80,"ул. Баумана, 35, Казань, Респ. Татарстан, Россия, 420111",1,0,0,0,0,0,0,0,0,0,1,1,0,0,0,0,0,0,0,0,0
ChIJG4vRqG-tXkERqDP1cCu1FA0,Вход В SkyPark,55.798792799999994,49.147234600000004,"amusement_park,point_of_interest,establishment",4.2,6,"Казань, Респ. Татарстан, Россия, 420015",1,0,0,0,0,0,0,0,0,0,1,1,0,0,0,0,0,0,0,0,0
ChIJKWiBn2auXkERiIykY7qB1nE,Дубрава Горки,55.73313100000001,49.209045,"amusement_park,point_of_interest,establishment",4.7,91,"Респ. Татарстан, Россия, 420138",1,0,0,0,0,0,0,0,0,0,1,1,0,0,0,1,0,0,0,0,0
ChIJRaVJAUmsXkERV63IM3Cxu0Q,Инферно,55.753688000000004,49.1335831,"amusement_park,point_of_interest,establishment",4.5,65,"Техническая ул., 120А, Казань, Респ. Татарстан, Россия, 420054",1,0,0,0,0,0,0,0,0,0,1,1,0,0,0,0,1,0,0,0,1
ChIJeUBTakKtXkERKQJZ7fKFOuk,Redbull airrace парк развлечений,55.8118,49.1076754,"amusement_park,point_of_interest,establishment",5.0,3,"Unnamed Road, Казань, Респ. Татарстан, Россия, 420066",1,0,0,0,0,0,0,0,0,0,1,1,0,0,0,0,0,0,0,0,0
ChIJY5skRN2tXkERDsnrj4necgU,Ледяной дворец,55.8127747,49.104369500000004,"amusement_park,point_of_interest,establishment",4.0,4,"Unnamed Road, Казань, Респ. Татарстан, Россия, 420066",1,0,0,0,0,0,0,0,0,0,1,1,0,0,0,0,0,0,0,0,0
ChIJG-qTdTutXkERzXcMAJU5FBA,Главная городская елка,55.81291849999999,49.10415889999999,"amusement_park,point_of_interest,establishment",4.7,3,"Казань, Респ. Татарстан, Россия, 420066",1,0,0,0,0,0,0,0,0,0,1,1,0,0,0,0,0,0,0,0,0
ChIJjd6XubytXkEReln7TQE_hfU,"Ивент пространство ""Аррива""",55.753418,49.159894,"amusement_park,point_of_interest,establishment",0.0,0,"ул. Оренбургский тракт, 22а, Казань, Респ. Татарстан, Россия, 420101",1,0,0,0,0,0,0,0,0,0,1,1,0,0,0,0,0,0,0,0,0
ChIJrUXcvg-tXkERWRY0VB_7N0g,Тики Вики,55.785470200000006,49.126281799999994,"amusement_park,cafe,point_of_interest,food,establishment",4.6,117,"Петербургская д. 9, ТЦ ""Республика"", Казань, Респ. Татарстан, Россия, 420107",1,0,0,0,0,0,0,1,0,0,1,1,0,0,0,0,0,1,0,1,1
ChIJPZErQgitXkERuiHn4hax7B4,Туган Авылым,55.779975,49.135825,"amusement_park,point_of_interest,establishment",4.5,2340,"ул. Туфана Миннуллина, 14/56, Казань, Респ. Татарстан, Россия, 420107",1,0,0,0,0,0,0,0,0,0,1,1,0,0,0,0,0,0,0,1,0
ChIJ0XZoW3iuXkERKClA_RyCb9w,Лабораториум,55.744374,49.192699,"amusement_park,point_of_interest,establishment",4.5,52,"д. ТРК ""Сити-Центр"" 3 этаж, ул. Хусаина Мавлютова, 45, Казань, Респ. Татарстан, Россия, 420101",1,0,0,0,0,0,0,0,0,0,1,1,0,0,0,0,0,0,1,0,1
ChIJSU9KaVqtXkERQbWLsxeCc88,Аквапарк Ривьера,55.81526650000001,49.132326899999995,"amusement_park,point_of_interest,establishment",4.5,12590,"пр. Фатыха Амирхана, 1, Казань, Респ. Татарстан, Россия, 420126",1,0,0,0,0,0,0,0,0,0,1,1,0,0,0,1,0,0,1,0,1
ChIJ-5QyWLZTWUERIEjkRi-DzKQ,Паутина,55.8421667,48.96950589999999,"amusement_park,point_of_interest,establishment",4.8,6,"ул. оз. Лебяжье, 3, Казань, Респ. Татарстан, Россия, 420051",1,0,0,0,0,0,0,0,0,0,1,1,0,0,0,0,0,0,0,0,0
ChIJ3c-STfFNWUERVeY0CMq-wqo,"Центр активного отдыха ""Милитарист""",55.897897,49.019232,"amusement_park,point_of_interest,establishment",4.5,4,"ул. Харьковская, 222, Казань, Респ. Татарстан, Россия, 420091",1,0,0,0,0,0,0,0,0,0,1,1,0,0,0,0,0,0,0,0,0
ChIJK_7xtyOtXkERMKHtJ8y_aqU,Барионикс,55.76830709999999,49.1019762,"amusement_park,point_of_interest,establishment",4.5,1334,"ул. Мазита Гафури, 46, Казань, Респ. Татарстан, Россия, 420108",1,0,0,0,0,0,0,0,0,0,1,1,0,0,0,1,0,0,0,0,1
ChIJY3IZ7fusXkERrbAomBbdatI,Спарта пейнтбольный клуб лазертаг и верёвочный парк,55.738862100000006,49.2254125,"amusement_park,gym,park,health,point_of_interest,establishment",4.0,32,"ул. Дубравная, 2Б, Казань, Респ. Татарстан, Россия, 420108",1,0,0,0,0,0,0,0,0,0,1,1,0,0,0,0,0,0,0,0,1
ChIJodzgI9ytXkER9Xy9N-8iNl4,Купоны Ривьера Аквапарк Казань,55.81677,49.134727000000005,"amusement_park,point_of_interest,establishment",0.0,0,"Мини отель Зож, Чистопольская ул., 66, Казань, Респ. Татарстан, Россия, 421001",1,0,0,0,0,0,0,0,0,0,1,1,0,0,0,0,0,0,0,0,0
ChIJkyG65zutXkERTyPJHwXf9Pw,"Индустрия Событий, Национальная компания",55.78840599999999,49.19598,"amusement_park,travel_agency,health,point_of_interest,food,establishment",0.0,0,"Лумумба, 47А/2, ул. Патриса Лумумбы, Казань, Респ. Татарстан, Россия, 420000",1,0,0,0,0,0,0,0,0,0,1,1,0,0,0,0,0,0,0,0,0
ChIJiRcCtfmsXkERbBspHFHCLEc,FUN24,55.768198999999996,49.102628,"bowling_alley,point_of_interest,establishment",4.3,3305,"ул. Мазита Гафури, 46, Казань, Респ. Татарстан, Россия, 420108",0,0,0,1,0,0,0,0,0,0,0,1,0,0,0,1,0,0,0,1,1
ChIJbZzPaABTWUERxy1GI4EaQY0,"Веревочный парк ""Паутина""",55.842206700000006,48.9696307,"amusement_park,park,point_of_interest,establishment",5.0,10,"ул. оз. Лебяжье, 3, Казань, Респ. Татарстан, Россия, 420004",1,0,0,0,0,0,0,0,0,0,1,1,0,0,0,1,0,0,0,0,1
ChIJ-44Z37WtXkERqS_57ql2F9s,Форсаж,55.76136700000001,49.156374,"point_of_interest,establishment",4.5,936,"ул. Оренбургский тракт, 5 ""Б, Казань, Респ. Татарстан, Россия, 420059",0,0,0,0,0,0,0,0,0,0,0,1,0,0,0,1,0,0,0,0,1
ChIJSzM6WRatXkERokD2GxnOS8I,"Конвертум - ""Выйти из комнаты""",55.793706799999995,49.116191799999996,"point_of_interest,establishment",4.7,68,"ул. Кремлевская, 21, Казань, Татарстан Републиц, Россия, 420111",0,0,0,0,0,0,0,0,0,0,0,1,0,0,0,0,0,0,0,1,1
ChIJ61g6vA-tXkER-t4_qCCDhb4,"Детский развлекательный комплекс ""ИГРОЗАВР""",55.78538,49.12647399999999,"point_of_interest,establishment",3.8,9,"ул. Петербургская, 9, Казань, Респ. Татарстан, Россия, 420107",0,0,0,0,0,0,0,0,0,0,0,1,0,0,0,0,0,0,0,0,0
ChIJjWv2t_msXkERkeCfVllaMmA,Океанариум,55.768404000000004,49.102092,"aquarium,point_of_interest,establishment",4.1,866,"ул. Мазита Гафури, 46, Казань, Респ. Татарстан, Россия, 420108",0,1,0,0,0,0,0,0,0,0,0,1,0,0,0,0,0,0,0,0,0
ChIJEYw9SQatXkERaJ7X6vo8jMg,Аква-дизайн Торговая Компания,55.77922299999999,49.129642,"aquarium,point_of_interest,establishment",2.0,1,"Спартаковская ул., 6, 1 этаж, ТОЦ Сувар Плаза, Казань, Респ. Татарстан, Россия, 420107",0,1,0,0,0,0,0,0,0,0,0,1,0,0,0,0,0,0,0,0,0
ChIJ_f5OgBCtXkER1lbkOT1bE5I,Аквариум,55.787705,49.118268,"restaurant,point_of_interest,food,establishment",3.5,11,"ул. Островского, 33, Казань, Респ. Татарстан, Россия, 420111",0,0,0,0,0,0,0,0,0,0,0,1,0,1,0,0,0,0,0,0,1
ChIJpcAgs6ZSWUER7axJeJIVBwc,Экодизайн,55.7798774,49.112439200000004,"pet_store,store,point_of_interest,establishment",0.0,0,"Казань, Респ. Татарстан, Россия, 420021",0,0,0,0,0,0,0,0,0,0,0,1,0,0,0,0,0,0,0,0,0
ChIJAysdBa9SWUERObSC2W9buSo,Аквариумные Системы,55.8294943,49.103933500000004,"aquarium,pet_store,store,point_of_interest,establishment",0.0,0,"пр. Хусаина Ямашева, 38, офис 131, Казань, Респ. Татарстан, Россия, 420244",0,1,0,0,0,0,0,0,0,0,0,1,0,0,0,0,0,0,0,0,0
ChIJ1ynrmzWtXkERJONjIwwx9IE,Казанский дельфинарий,55.812548,49.0973473,"aquarium,point_of_interest,establishment",4.5,343,"ул. Декабристов, 1 корпус 1, Казань, Респ. Татарстан, Россия, 420066",0,1,0,0,0,0,0,0,0,0,0,1,0,0,0,0,0,0,1,1,0
ChIJgViUE3g2tUYROc9DswKMhpY,Москвариум,55.832832700000004,37.618886700000004,"aquarium,point_of_interest,establishment",4.6,18990,"пр-т Мира, 119 строение 23, Москва, Россия, 129223",0,1,0,0,0,0,0,0,0,0,0,1,0,0,0,0,1,0,0,0,0
ChIJUzBxuVStXkERbVimGy1IT30,Ривьера,55.82525129999999,49.1213133,"pharmacy,store,health,point_of_interest,establishment",3.3,4,"ул. Четаева, 35, Казань, Респ. Татарстан, Россия, 420124",0,0,0,0,0,0,0,0,0,0,0,1,0,0,0,0,0,0,0,0,0
ChIJT_UEVd8-XUERmnnWypg6cdg,Авгуръ,54.35397680000001,48.619510600000005,"aquarium,home_goods_store,store,point_of_interest,establishment",4.4,8,"7-й Инженерный пр-д, 1, стр. 3, к.206, Ульяновск, Ульяновская обл., Россия, 432072",0,1,0,0,0,0,0,0,0,0,0,1,0,0,0,0,0,0,0,0,0
ChIJ6ZR0YDVGtUYRQb00WkeUAtc,Крокус Сити Океанариум,55.8191356,37.385697799999996,"aquarium,point_of_interest,establishment",4.7,1434,"Международная улица, 10, Красногорск, Московская обл., Россия, 143401",0,1,0,0,0,0,0,0,0,0,0,1,0,0,0,1,0,0,0,0,1
ChIJ8_EjcJIe4EMRxNQwb-n6Wmw,Набережночелнинский дельфинарий,55.6748176,52.2989898,"aquarium,point_of_interest,establishment",4.5,919,"набережная Габдуллы Тукая, 12А, Набережные Челны, Респ. Татарстан, Россия, 423800",0,1,0,0,0,0,0,0,0,0,0,1,0,0,0,0,0,0,0,1,1
ChIJhX-ofyE0XUERxEFfDLdp6Rc,АкваСпец Установка и чистка Аквариумов,54.308488,48.3957811,"aquarium,point_of_interest,establishment",4.3,4,"ул. Гончарова, 1, Ульяновск, Ульяновская обл., Россия, 432001",0,1,0,0,0,0,0,0,0,0,0,1,0,0,0,0,0,0,0,0,0
ChIJL3WkxDVVQEER5L9q2OSa6wk,Пензенский океанариум,53.12784789999999,45.0239361,"aquarium,point_of_interest,establishment",4.6,128,"Центральная ул., 1, Пенза, Пензенская обл., Россия, 440068",0,1,0,0,0,0,0,0,0,0,0,1,0,0,0,0,0,0,0,0,1
ChIJL3WkxDVVQEERQ670SnnLc34,Океанариум,53.128102,45.024440000000006,"shopping_mall,point_of_interest,establishment",4.6,130,"Центральная ул., 1, Пенза, Пензенская обл., Россия, 440068",0,0,0,0,0,0,0,0,0,0,0,1,0,0,0,0,0,0,0,0,0
ChIJ74yjK60xlkYRh-siJtC2v8M,Океанариум,59.9190096,30.3384072,"aquarium,museum,point_of_interest,establishment",4.6,6604,"ул. Марата, 86, Санкт-Петербург, Россия, 191119",0,1,0,0,0,0,0,0,0,0,0,1,1,0,0,0,0,0,0,0,0
ChIJwc5OfVpKtUYRTdgski_wKp0,Океанариум,55.9092123,37.539961600000005,"aquarium,point_of_interest,establishment",4.6,1514,"ТРЦ Рио, Дмитровское ш., 163, Москва, Россия, 127204",0,1,0,0,0,0,0,0,0,0,0,1,0,0,0,0,0,1,0,1,1
ChIJ8aysvu0eZkERF84kYCEG_fs,Морские Аквариумы,53.219871999999995,50.15546399999999,"aquarium,point_of_interest,establishment",5.0,2,"ул. Ново-Садовая, 106Б, Самара, Самарская обл., Россия, 443100",0,1,0,0,0,0,0,0,0,0,0,1,0,0,0,0,0,0,0,0,0
ChIJX88sCg8cZkERK6sGB9_ppBM,Аквариум Сити Сервис,53.201240500000004,50.2218685,"aquarium,pet_store,store,point_of_interest,establishment",5.0,4,"ул. Гагарина, 155, Самара, Самарская обл., Россия, 443023",0,1,0,0,0,0,0,0,0,0,0,1,0,0,0,0,0,0,0,0,0
ChIJ13FbehetXkERMEr_47Z3gTU,Боулинг,55.7913809,49.1125806,"bowling_alley,point_of_interest,establishment",4.0,96,"ТРК ""Родина"", ул. Баумана, 44/8, Казань, Респ. Татарстан, Россия, 420111",0,0,0,1,0,0,0,0,0,0,0,1,0,0,0,0,1,0,0,1,1
ChIJudD8ZFCtXkERnA_YYVdQn0w,"Боулинг ""Ривьера""",55.8156281,49.127103600000005,"bowling_alley,point_of_interest,establishment",4.3,113,"РК ""Ривьера, пр. Фатыха Амирхана, 1Б, Казань, Респ. Татарстан, Россия, 420126",0,0,0,1,0,0,0,0,0,0,0,1,0,0,0,0,0,0,0,0,1
ChIJB1XNgF9NWUERXdFDdlVMKGc,Тимерхан,55.84189670000001,49.102497899999996,"bowling_alley,restaurant,point_of_interest,food,establishment",4.3,288,"ул. Короленко, 58а, Казань, Респ. Татарстан, Россия, 420094",0,0,0,1,0,0,0,0,0,0,0,1,0,1,0,0,0,0,0,0,0
ChIJK1oSjPKtXkERw_GmbG8oOm8,Kingdom,55.774178500000005,49.2013606,"restaurant,bowling_alley,point_of_interest,food,establishment",4.6,25,"ул. Бухарская, 3А, Казань, Респ. Татарстан, Россия, 420087",0,0,0,1,0,0,0,0,0,0,0,1,0,1,0,1,0,0,0,0,0
ChIJA8MR_K9SWUERQH31HkhU3Xo,Притяжение,55.8214954,49.0931261,"point_of_interest,establishment",4.1,68,"пр. Ибрагимова, 56, Казань, Респ. Татарстан, Россия, 420066",0,0,0,0,0,0,0,0,0,0,0,1,0,0,0,0,0,0,0,1,0
ChIJBXz6hHGtXkERKnWFSxLa00c,Корстон,55.79385660000001,49.14925059999999,"lodging,point_of_interest,establishment",4.5,5078,"ул. Николая Ершова, 1А, Казань, Респ. Татарстан, Россия, 420045",0,0,0,0,0,0,0,0,0,0,0,1,0,0,0,0,1,0,0,0,1
ChIJXTgAj6etXkERrJ5Q-4q27rU,Шароff Бильярдный Клуб,55.7863199,49.1247382,"point_of_interest,establishment",4.0,27,"ТЦ “Кольцо”, ул. Петербургская, 1, 4 этаж, Казань, Респ. Татарстан, Россия, 420107",0,0,0,0,0,0,0,0,0,0,0,1,0,0,0,0,0,0,0,0,0
ChIJt_SXhHGtXkERGwMm-9YE1aQ,Детский развлекательный парк,55.79389800000001,49.150377899999995,"point_of_interest,establishment",4.4,9,"ул. Николая Ершова, Казань, Респ. Татарстан, Россия, 420045",0,0,0,0,0,0,0,0,0,0,0,1,0,0,0,0,0,0,0,0,0
ChIJFwreiTatXkERau7im7VtGQU,Боулинг,55.8089507,49.099145,"point_of_interest,establishment",4.0,1,"Парк аттракционов “Кырлай”, Ст. метро ""Козья Слобода"", ул. Односторонка Гривки, Казань, Респ. Татарстан, Россия, 420079",0,0,0,0,0,0,0,0,0,0,0,1,0,0,0,0,0,0,0,0,0
ChIJcSYNEDWtXkERssEvdDzm_JQ,Сафар,55.812422,49.0942552,"restaurant,point_of_interest,food,establishment",4.1,58,"AMAKS Сафар-отель, ул. Односторонка Гривки, 1, Казань, Респ. Татарстан, Россия, 420066",0,0,0,0,0,0,0,0,0,0,0,1,0,1,0,0,0,0,0,1,0
ChIJOXVC0HOtXkERaPfBMfkj18Q,"Корстон, Бильярдный Зал",55.7937519,49.1500885,"point_of_interest,establishment",4.1,16,"ул. Николая Ершова, 1, лит. А, Казань, Респ. Татарстан, Россия, 420061",0,0,0,0,0,0,0,0,0,0,0,1,0,0,0,0,0,0,0,1,0
ChIJq3zx1yKtXkERkzX4iIBGah0,Пирамида Хеопса,55.7948,49.1031,"beauty_salon,cafe,night_club,restaurant,point_of_interest,food,establishment",4.4,1179,"Московская ул., 3, Казань, Респ. Татарстан, Россия, 420111",0,0,0,0,0,0,0,1,0,1,0,1,0,1,0,1,0,0,0,0,1
ChIJlw1kcBetXkERN4tftjf-Vrg,Родина,55.791331400000004,49.112302500000006,"movie_theater,point_of_interest,establishment",4.4,1506,"ул. Баумана, 44/8, Казань, Респ. Татарстан, Россия, 420111",0,0,0,0,0,1,0,0,0,0,0,1,0,0,0,0,0,0,0,0,0
ChIJ-aMlaVVNWUERy4ece0K_HOs,Парк Хаус,55.8294965,49.117864600000004,"shopping_mall,point_of_interest,establishment",4.6,11986,"пр. Хусаина Ямашева, 46, Казань, Респ. Татарстан, Россия, 420124",0,0,0,0,0,0,0,0,0,0,0,1,0,0,0,0,0,0,0,0,0
ChIJ6z6eMi7rWUERJ_MRgk0Bbvw,Стоун Боулинг,56.638924800000005,47.8893158,"bowling_alley,point_of_interest,establishment",4.5,130,"Первомайская ул., 109, Йошкар-Ола, Респ. Марий Эл, Россия, 424000",0,0,0,1,0,0,0,0,0,0,0,1,0,0,0,0,0,0,0,0,0
ChIJZ_CaFLRSWUERvKjD55I5Y3o,ТРК Тандем,55.8213251,49.093523100000006,"shopping_mall,point_of_interest,establishment",4.6,11681,"пр. Ибрагимова, 56, Казань, Респ. Татарстан, Россия, 420066",0,0,0,0,0,0,0,0,0,0,0,1,0,0,0,0,0,0,0,0,0
ChIJtUDYZwitXkERQzz8spxXe4k,Алан Аш,55.7800998,49.13527999999999,"restaurant,point_of_interest,food,establishment",4.6,8,"Туфана Миннуллина, 14/56, Казань, Респ. Татарстан, Россия, 420107",0,0,0,0,0,0,0,0,0,0,0,1,0,1,0,0,0,0,0,0,1
ChIJw77_AIo3WkERjgk2WSHb604,VIP entrance,56.13476729999999,47.2409068,"bowling_alley,point_of_interest,establishment",5.0,2,"бул. Президентский, 20, Чебоксары, Чувашская Респ., Россия, 428006",0,0,0,1,0,0,0,0,0,0,0,1,0,0,0,0,0,0,0,0,0
ChIJt5udShGtXkERLJwGRR_DmgQ,Национальная библиотека Республики Татарстан,55.79173539999999,49.120934000000005,"library,point_of_interest,establishment",4.7,26,"ул. Кремлевская, 33, Казань, Респ. Татарстан, Россия, 420111",0,0,0,0,1,0,0,0,0,0,0,1,0,0,0,0,0,0,0,0,1
ChIJydmCRKmyXkERkz_V6TyE90E,"ГБУК РТ ""Республиканская детская библиотека""",55.826372,49.1415089,"library,point_of_interest,establishment",5.0,8,"пр. Хусаина Ямашева, 81, Казань, Респ. Татарстан, Россия, 420126",0,0,0,0,1,0,0,0,0,0,0,1,0,0,0,0,0,0,0,0,1
ChIJ-TIpqwmyXkERmur5jR8goHs,Библиотека-филиал № 15,55.7769735,49.2267016,"library,point_of_interest,establishment",5.0,3,"ул. Закиева, 31, Казань, Респ. Татарстан, Россия, 420100",0,0,0,0,1,0,0,0,0,0,0,1,0,0,0,0,0,0,0,0,0
ChIJi5Z2q7RSWUERDRT1or60cFQ,Библиотека № 46,55.818197,49.1020656,"library,point_of_interest,establishment",5.0,3,"Чистопольская ул., 4, Казань, Респ. Татарстан, Россия, 420066",0,0,0,0,1,0,0,0,0,0,0,1,0,0,0,0,0,0,0,0,0
ChIJW8y0X9-tXkERQKPnXWVBcAM,Центральная Детская Библиотека,55.751285200000005,49.20290429999999,"library,point_of_interest,establishment",4.8,10,"ул. Гарифьянова, 42, Казань, Респ. Татарстан, Россия, 420138",0,0,0,0,1,0,0,0,0,0,0,1,0,0,0,0,0,0,0,1,0
ChIJ66c56TutXkERm6i7TLsC1RI,"Централизованная библиотечная система города Казани, филиал № 20",55.80866629999999,49.186862,"library,point_of_interest,establishment",4.7,6,"ул. Академика Кирпичникова, 14, Казань, Респ. Татарстан, Россия, 420029",0,0,0,0,1,0,0,0,0,0,0,1,0,0,0,0,0,0,0,0,0
ChIJz7N299pSWUERVToHZ29UoIg,Библиотека № 24,55.81677500000001,49.05819469999999,"library,point_of_interest,establishment",0.0,0,"ул. Степана Халтурина, 11, Казань, Респ. Татарстан, Россия, 420032",0,0,0,0,1,0,0,0,0,0,0,1,0,0,0,0,0,0,0,0,0
ChIJ57LpVBGtXkERP-vHt2FY4p4,Научная библиотека КФУ им. Н. И. Лобачевского,55.79233829999999,49.1225415,"library,point_of_interest,establishment",4.0,9,"ул. Кремлевская, 35, Казань, Респ. Татарстан, Россия, 420111",0,0,0,0,1,0,0,0,0,0,0,1,0,0,0,0,0,0,0,0,0
ChIJXTnO5g6yXkERmYxYKjkNMYk,Библиотечный пункт,55.780227000000004,49.2327749,"library,point_of_interest,establishment",0.0,0,"ул. Галии Кайбицкой, 3, Казань, Респ. Татарстан, Россия, 420100",0,0,0,0,1,0,0,0,0,0,0,1,0,0,0,0,0,0,0,0,0
ChIJs1M9_K9SWUERJFm3uHVDAaA,"ГБУК РТ ""Республиканская юношеская библиотека""",55.828934700000005,49.09713319999999,"library,point_of_interest,establishment",5.0,4,"пр. Ибрагимова, 53Б, Казань, Респ. Татарстан, Россия, 420044",0,0,0,0,1,0,0,0,0,0,0,1,0,0,0,0,0,0,0,0,0
ChIJgbxTJH9NWUERU_78SfFl26w,Библиотека № 25,55.859691000000005,49.078741,"library,point_of_interest,establishment",3.0,2,"ул. Побежимова, 47, Казань, Респ. Татарстан, Россия, 420036",0,0,0,0,1,0,0,0,0,0,0,1,0,0,0,0,0,0,0,0,0
ChIJ4ZmR_VFNWUERbzqPZpHdf4k,Детская библиотека Филиал № 45,55.8384723,49.134524600000006,"library,point_of_interest,establishment",5.0,3,"пр. Фатыха Амирхана, 24, Казань, Респ. Татарстан, Россия, 420132",0,0,0,0,1,0,0,0,0,0,0,1,0,0,0,0,0,0,0,0,0
ChIJ3_jJqLayXkERlVDFmLt6mf8,Библиотека № 40,55.833666,49.158716,"library,point_of_interest,establishment",5.0,1,"ул. Гаврилова, 20-б, Казань, Респ. Татарстан, Россия, 420133",0,0,0,0,1,0,0,0,0,0,0,1,0,0,0,0,0,0,0,0,0
ChIJ8Z3caKNSWUERJT__gJEIoU4,Библиотека № 29,55.835127,49.09045279999999,"library,point_of_interest,establishment",0.0,0,"ул. Восстания, 26, Казань, Респ. Татарстан, Россия, 420095",0,0,0,0,1,0,0,0,0,0,0,1,0,0,0,0,0,0,0,0,0
ChIJTVIHydmtXkERWafmtAbzvro,Библиотека № 13 МУК ЦБС,55.749996200000005,49.191095700000005,"library,point_of_interest,establishment",3.8,4,"ул. Хусаина Мавлютова, 17Б, Казань, Респ. Татарстан, Россия, 420055",0,0,0,0,1,0,0,0,0,0,0,1,0,0,0,0,0,0,0,0,0
ChIJOVGLI36tXkERjJxwHBxNo38,"Централизованная библиотечная система г. Казани, филиал № 47",55.7994345,49.1784888,"library,point_of_interest,establishment",5.0,1,"ул. Николая Ершова, 57, Казань, Респ. Татарстан, Россия, 420045",0,0,0,0,1,0,0,0,0,0,0,1,0,0,0,0,0,0,0,0,0
ChIJUbs5LsFSWUERLJR9Ai-ti9E,Библиотека-филиал № 27,55.824861,49.067659,"library,point_of_interest,establishment",4.5,2,"ул. Галимджана Баруди, 25А, Казань, Респ. Татарстан, Россия, 420102",0,0,0,0,1,0,0,0,0,0,0,1,0,0,0,0,0,0,0,0,0
ChIJJTIkizqsXkER0beI01xprxE,Библиотека № 4,55.7431576,49.142191100000005,"library,point_of_interest,establishment",5.0,2,"ул. Кулагина, 4, Казань, Респ. Татарстан, Россия, 420054",0,0,0,0,1,0,0,0,0,0,0,1,0,0,0,0,0,0,0,0,0
ChIJT3B4gMRSWUERRlRE6MJf7so,"Централизованная библиотечная система г. Казани, филиал № 32",55.821664399999996,49.0616323,"library,point_of_interest,establishment",4.0,1,"ул. Чкалова, 15, Казань, Респ. Татарстан, Россия, 420102",0,0,0,0,1,0,0,0,0,0,0,1,0,0,0,0,0,0,0,0,0
ChIJT6KGSxutXkER0Dr8O7VYA8c,Библиотека № 1,55.783175699999994,49.1151932,"library,point_of_interest,establishment",0.0,0,"Московская ул., 57/13, Казань, Респ. Татарстан, Россия, 420021",0,0,0,0,1,0,0,0,0,0,0,1,0,0,0,0,0,0,0,0,0
ChIJEYw9SQatXkERKTcgikxIeAg,Алмаз Синема Гранд,55.77922299999999,49.129642,"movie_theater,point_of_interest,establishment",4.4,883,"Спартаковская ул., 6, Казань, Респ. Татарстан, Россия, 420107",0,0,0,0,0,1,0,0,0,0,0,1,0,0,0,0,0,0,0,0,0
ChIJc-zgDPutXkERGQ8yd5lvbQI,Киномакс-Club,55.7695123,49.2166836,"movie_theater,point_of_interest,establishment",4.6,2456,"просп. Победы, 91, Казань, Респ. Татарстан, Россия, 420140",0,0,0,0,0,1,0,0,0,0,0,1,0,0,0,0,0,0,0,0,0
ChIJk1JLRXiuXkERxjW-wtlfQZ4,Алмаз Синема Сувар,55.7441993,49.1926286,"movie_theater,point_of_interest,establishment",4.2,734,"ТК ""Сити-Центр, ул. Хусаина Мавлютова, 45, Казань, Респ. Татарстан, Россия, 420101",0,0,0,0,0,1,0,0,0,0,0,1,0,0,0,0,0,0,0,0,0
ChIJ4dFEFqpSWUER2LuwAkr7CO8,Кинотеатр Синема 5 Казань,55.829952,49.11816899999999,"movie_theater,point_of_interest,establishment",4.7,2981,"пр. Хусаина Ямашева, 46/33, Казань, Респ. Татарстан, Россия, 420124",0,0,0,0,0,1,0,0,0,0,0,1,0,0,0,0,0,0,0,0,0
ChIJZ-psnbpSWUERqZ5epvLqN9k,Киномакс,55.82141619999999,49.0934001,"movie_theater,point_of_interest,establishment",4.6,3019,"Тандем, пр. Ибрагимова, 56, Казань, Респ. Татарстан, Россия, 420044",0,0,0,0,0,1,0,0,0,0,0,1,0,0,0,0,0,0,0,0,1
ChIJPWtk3w-tXkERgYMdzGuABHA,Каро,55.78643229999999,49.1242692,"movie_theater,point_of_interest,establishment",4.4,1715,"ул. Петербургская, 1, 3 этаж, Казань, Респ. Татарстан, Россия, 420107",0,0,0,0,0,1,0,0,0,0,0,1,0,0,0,0,0,1,0,1,0
ChIJeWjKga-yXkERSQ25YnkaPZI,Магия Кино,55.8252865,49.1536688,"movie_theater,point_of_interest,establishment",4.0,338,"пр. Хусаина Ямашева, 97, Казань, Респ. Татарстан, Россия, 420133",0,0,0,0,0,1,0,0,0,0,0,1,0,0,0,0,0,0,0,0,0
ChIJl44vWFNNWUERtqBvxQE2N0o,Кинотеатр Алмаз Синема Порт в Казани РК Ривьера,55.8159296,49.127455600000005,"movie_theater,point_of_interest,establishment",4.4,899,"пр. Фатыха Амирхана, 1Б, Казань, Респ. Татарстан, Россия, 420124",0,0,0,0,0,1,0,0,0,0,0,1,0,0,0,0,0,0,0,0,1
ChIJBXz6hHGtXkERFKUmKVV1FUU,Кинотеатр Korston,55.7936515,49.150982899999995,"movie_theater,point_of_interest,establishment",4.5,694,"ул. Николая Ершова, 1А, Казань, Респ. Татарстан, Россия, 420045",0,0,0,0,0,1,0,0,0,0,0,1,0,0,0,0,0,0,0,0,0
ChIJOfLqv3StXkERxla5g-0Ja5s,Мир,55.7881689,49.1474354,"movie_theater,point_of_interest,establishment",4.4,302,"Казань, Респ. Татарстан, Россия, 420043",0,0,0,0,0,1,0,0,0,0,0,1,0,0,0,0,0,0,0,0,0
ChIJhUaKYVCtXkERYLyHqaA2PMc,5D-кинотеатр Ривьера,55.8160152,49.1273979,"movie_theater,point_of_interest,establishment",3.8,55,"РК ""Ривьера, пр. Фатыха Амирхана, 1Б, Казань, Респ. Татарстан, Россия, 420124",0,0,0,0,0,1,0,0,0,0,0,1,0,0,0,0,0,0,0,0,0
ChIJp8TyKrNSWUERqoT6beKGoXU,Lounge 3D Cinema,55.8202855,49.1065549,"movie_theater,cafe,night_club,bar,point_of_interest,food,establishment",3.9,93,"Чистопольская ул., 9Б, Казань, Респ. Татарстан, Россия, 420066",0,0,0,0,0,1,0,1,0,1,0,1,0,0,0,0,0,0,0,1,0
ChIJFS_BbxCtXkER_CVc_bHeyiI,Смотри и Пой,55.787352799999994,49.12032670000001,"movie_theater,night_club,bar,point_of_interest,establishment",4.2,24,"ТЦ Свита холл, ул. Баумана, 82, 5 этаж, Казань, Респ. Татарстан, Россия, 420111",0,0,0,0,0,1,0,0,0,1,0,1,0,0,0,0,0,1,0,1,1
ChIJi5r5bU2tXkERy3mOUqIzkKk,25 кадр,55.817752600000006,49.1117378,"movie_theater,night_club,bar,point_of_interest,establishment",4.4,76,"Чистопольская ул., 20а, Казань, Респ. Татарстан, Россия, 420124",0,0,0,0,0,1,0,0,0,1,0,1,0,0,0,0,0,0,0,0,1
ChIJWZhJm7ZSWUERYcl5m0eOFZY,5D Кинотеатр,55.82120820000001,49.092029100000005,"movie_theater,point_of_interest,establishment",4.1,28,"ТРК ""Тандем, пр. Ибрагимова, 56, Казань, Респ. Татарстан, Россия, 420066",0,0,0,0,0,1,0,0,0,0,0,1,0,0,0,0,0,0,0,0,0
ChIJ1xv-7MGtXkERn7bUe9myGc8,Смотри и Пой,55.76496170000001,49.184879200000005,"movie_theater,point_of_interest,establishment",4.2,38,"ул. Рихарда Зорге, 11Б, Казань, Респ. Татарстан, Россия, 420087",0,0,0,0,0,1,0,0,0,0,0,1,0,0,0,0,1,0,0,1,0
ChIJx74AwAWtXkERibyHkpgDKcs,Relaxcinema,55.781943999999996,49.125401000000004,"movie_theater,point_of_interest,establishment",4.4,18,"Спартаковская ул., 2, Казань, Респ. Татарстан, Россия, 420000",0,0,0,0,0,1,0,0,0,0,0,1,0,0,0,0,0,0,0,0,1
ChIJg0XL0zCzXkERUn1kMFL6u5w,Кинотеатр Алмаз Синема XL,55.82517199999999,49.152628,"movie_theater,point_of_interest,establishment",4.0,19,"Проспект Ямашева, 97 ТК XL, Казань, Респ. Татарстан, Россия, 420133",0,0,0,0,0,1,0,0,0,0,0,1,0,0,0,0,0,0,0,0,1
ChIJgzbEH7StXkERLVP2h95_30g,Автокинотеатр Love cinema,55.7937439,49.188423900000004,"movie_theater,point_of_interest,establishment",4.6,126,"ул. Патриса Лумумбы, 47А, Казань, Респ. Татарстан, Россия, 420061",0,0,0,0,0,1,0,0,0,0,0,1,0,0,0,0,1,0,0,0,0
ChIJp0pBbgCzXkERma4wJaUgx4Q,Смотри и Пой,55.82517199999999,49.152628,"movie_theater,point_of_interest,establishment",4.0,4,"пр. Хусаина Ямашева, 97, Казань, Респ. Татарстан, Россия, 421001",0,0,0,0,0,1,0,0,0,0,0,1,0,0,0,0,1,0,0,0,1
ChIJA7YDkSytXkERhFydfGym2Xw,АНТИКИНОТЕАТР PYCINEMA,55.77861189999999,49.129571999999996,"movie_theater,point_of_interest,establishment",0.0,0,"Спартаковская ул., 6, Казань, Респ. Татарстан, Россия, 420107",0,0,0,0,0,1,0,0,0,0,0,1,0,0,0,0,0,0,0,0,0
ChIJ0Su1uRqtXkERROAeHOlFI5Q,Облепиха кафе,55.78546739999999,49.11910899999999,"cafe,point_of_interest,food,establishment",4.1,695,"ул. Пушкина, 1 корпус 55А, Казань, Респ. Татарстан, Россия, 420111",0,0,0,0,0,0,0,1,0,0,0,1,0,0,0,0,0,0,0,1,1
ChIJMaP-thqtXkERI-kxaPIQzGM,Все свои lounge,55.785422600000004,49.119106,"cafe,point_of_interest,food,establishment",4.0,392,"ул. Пушкина, 1/55а, Казань, Респ. Татарстан, Россия, 420111",0,0,0,0,0,0,0,1,0,0,0,1,0,0,0,0,1,0,0,0,1
ChIJCb_BbKuyXkERRUqg8TJPRfk,Бабушкина Сковородка,55.815895700000006,49.127108,"cafe,point_of_interest,food,establishment",4.1,152,"пр. Фатыха Амирхана, 1Б, Казань, Респ. Татарстан, Россия, 420124",0,0,0,0,0,0,0,1,0,0,0,1,0,0,0,0,0,0,0,1,0
ChIJNSl9_xetXkERQMplNuY_KQQ,Театрал,55.79316069999999,49.1078361,"cafe,point_of_interest,food,establishment",4.5,43,"Право-Булачная ул., 13А, Казань, Респ. Татарстан, Россия, 420111",0,0,0,0,0,0,0,1,0,0,0,1,0,0,0,0,0,0,0,1,0
ChIJmwrkEhWtXkER6Zl2DETnqVg,New York Coffee,55.7974335,49.122611600000006,"cafe,point_of_interest,food,establishment",4.5,254,"ул. Большая Красная, 34/16, Казань, Респ. Татарстан, Россия, 420111",0,0,0,0,0,0,0,1,0,0,0,1,0,0,0,0,0,0,0,0,1
ChIJd7aAoRetXkER-aYRFl8sNig,Вечернее,55.7925441,49.112809999999996,"cafe,point_of_interest,food,establishment",4.3,412,"ул. Мусы Джалиля, 14А, Казань, Респ. Татарстан, Россия, 420111",0,0,0,0,0,0,0,1,0,0,0,1,0,0,0,0,1,0,0,0,1
ChIJr-7Z_E2tXkERhDlT1lCJqrg,"Кафе-бар ""Носорог""",55.8168839,49.1161466,"cafe,point_of_interest,food,establishment",4.5,99,"Меридианная ул., 2, Казань, Респ. Татарстан, Россия, 420124",0,0,0,0,0,0,0,1,0,0,0,1,0,0,0,0,0,0,0,0,0
ChIJoTjtr1StXkERJ9z6CSz2Dvs,Кишмиш,55.82571899999999,49.120055,"cafe,point_of_interest,food,establishment",4.3,491,"ул. Мусина, 29, Казань, Респ. Татарстан, Россия, 420124",0,0,0,0,0,0,0,1,0,0,0,1,0,0,0,0,0,1,0,0,1
ChIJp6v95FGtXkERm0QFf6w2Vfw,Мамбочино,55.8169172,49.120445600000004,"cafe,point_of_interest,food,establishment",4.4,422,"ул. Мусина, 1, Казань, Респ. Татарстан, Россия, 420000",0,0,0,0,0,0,0,1,0,0,0,1,0,0,0,0,0,0,0,1,0
ChIJD8suVA2tXkERv5u4bWjlljQ,Циферблат,55.79173050000001,49.137643100000005,"cafe,point_of_interest,food,establishment",4.6,313,"ул. Щапова, 47, Казань, Респ. Татарстан, Россия, 420012",0,0,0,0,0,0,0,1,0,0,0,1,0,0,0,0,0,0,0,0,1
ChIJZxBWlwCyXkER19-2mS1Wfhw,Кафе Сава,55.7691236,49.2443158,"cafe,point_of_interest,food,establishment",4.1,132,"ул. Ноксинский Спуск, 45, Казань, Респ. Татарстан, Россия, 420140",0,0,0,0,0,0,0,1,0,0,0,1,0,0,0,1,0,0,0,0,1
ChIJybGzNgatXkER_2H1WZllvGA,Сюембике,55.77951949999999,49.1305696,"cafe,point_of_interest,food,establishment",4.4,354,"Спартаковская ул., 35, Казань, Респ. Татарстан, Россия, 420107",0,0,0,0,0,0,0,1,0,0,0,1,0,0,0,0,0,0,0,0,0
ChIJR7WruNNSWUERUxBl5iugPKg,Ширван,55.811187399999994,49.067162599999996,"cafe,restaurant,point_of_interest,food,establishment",4.2,110,"ул. Гладилова, 50, Казань, Респ. Татарстан, Россия, 420032",0,0,0,0,0,0,0,1,0,0,0,1,0,1,0,0,0,0,0,0,0
ChIJBfMdr61SWUERmE-IUK3riC0,Тайфун,55.82502389999999,49.1096709,"cafe,point_of_interest,food,establishment",4.2,731,"ул. Абсалямова, 37а, Казань, Респ. Татарстан, Россия, 420066",0,0,0,0,0,0,0,1,0,0,0,1,0,0,0,0,0,0,0,1,0
ChIJjR0jLx2tXkERyVY1QBusPpE,Миллэт,55.780975600000005,49.108655999999996,"cafe,point_of_interest,food,establishment",4.7,74,"ул. Нариманова, 62, Казань, Респ. Татарстан, Россия, 420021",0,0,0,0,0,0,0,1,0,0,0,1,0,0,0,0,1,0,0,1,0
ChIJ4TRT4AWtXkERgQv5EP92ECc,Омар Хайям,55.781044900000005,49.127117999999996,"cafe,point_of_interest,food,establishment",4.4,164,"ТОК “Караван, Спартаковская ул., 2 а, Казань, Респ. Татарстан, Россия, 420107",0,0,0,0,0,0,0,1,0,0,0,1,0,0,0,0,0,0,0,1,1
ChIJJTvx14SyXkERTUCiCJkraWw,"Кафе ""Халяль""",55.809020700000005,49.1820964,"cafe,point_of_interest,food,establishment",4.7,82,"Сибирский Тракт, 19/6, Казань, Респ. Татарстан, Россия, 420029",0,0,0,0,0,0,0,1,0,0,0,1,0,0,0,0,1,0,0,1,0
ChIJqaphV3auXkERrkhTbs3GeH4,"КАФЕ ,,АЙСУН,,САФИУЛЛИНА,15,",55.7473889,49.2015249,"cafe,point_of_interest,food,establishment",2.3,3,"просп. Победы, 17, Казань, Респ. Татарстан, Россия, 420138",0,0,0,0,0,0,0,1,0,0,0,1,0,0,0,0,0,0,0,0,0
ChIJJwqN9xCtXkERg5x9FUBk860,I-Bar,55.788664000000004,49.121213700000006,"cafe,point_of_interest,food,establishment",4.6,167,"Профсоюзная ул., 46/11, Казань, Респ. Татарстан, Россия, 420111",0,0,0,0,0,0,0,1,0,0,0,1,0,0,0,0,0,0,0,0,1
ChIJXy2emnatXkERpbXCOEakJrA,Бэхет,55.79033149999999,49.156276,"cafe,point_of_interest,food,establishment",4.4,20,"ул. Зинина, 7, Казань, Респ. Татарстан, Россия, 420097",0,0,0,0,0,0,0,1,0,0,0,1,0,0,0,0,1,0,0,1,0
ChIJUaXWiROtXkER24s8hcHYShM,IDOL Night Club,55.793718999999996,49.1253406,"night_club,point_of_interest,establishment",4.3,43,"ул. Пушкина, 46, Казань, Респ. Татарстан, Россия, 420015",0,0,0,0,0,0,0,0,0,1,0,1,0,0,0,0,0,0,0,0,1
ChIJWRNF5BOtXkERISUc7WRcv7o,Bash,55.7927346,49.12402789999999,"night_club,point_of_interest,establishment",3.9,121,"ул. Пушкина, 29а, Казань, Респ. Татарстан, Россия, 420111",0,0,0,0,0,0,0,0,0,1,0,1,0,0,0,0,0,0,0,0,0
ChIJxULf1QKtXkER1ghOiJ9KpTo,THE LEGEND,55.78079,49.11078089999999,"night_club,point_of_interest,establishment",4.1,73,"ул. Парижской Коммуны, 26, Казань, Респ. Татарстан, Россия, 420021",0,0,0,0,0,0,0,0,0,1,0,1,0,0,0,0,0,0,0,0,1
ChIJJ5Rn_xutXkERqdYH1zcc7Iw,Тихое место,55.786292,49.107193,"night_club,point_of_interest,establishment",4.3,31,"Борнана Шахиди урамы 21 Казан Татарстан Републиц, Россия, 420111",0,0,0,0,0,0,0,0,0,1,0,1,0,0,0,0,1,0,0,0,1
ChIJm-9g_1StXkER-mvQMhGQ0Ok,Gentelmens Club,55.824171,49.125704999999996,"night_club,point_of_interest,establishment",3.7,3,"ул. Четаева, 29, Казань, Респ. Татарстан, Россия, 420124",0,0,0,0,0,0,0,0,0,1,0,1,0,0,0,0,0,0,0,0,0
ChIJr0BPeRetXkERSEY7mRiMhKw,Burlesque,55.7914056,49.1120428,"night_club,point_of_interest,establishment",4.1,24,"ул. Баумана, д. 44/8, Казань, Респ. Татарстан, Россия, 420111",0,0,0,0,0,0,0,0,0,1,0,1,0,0,0,0,1,0,0,0,0
ChIJLxT0KrNSWUER1GcYHt6feQc,Teatro,55.81989599999999,49.106291,"night_club,point_of_interest,establishment",3.8,45,"Чистопольская ул., 9А, Казань, Респ. Татарстан, Россия, 420066",0,0,0,0,0,0,0,0,0,1,0,1,0,0,0,0,0,0,0,0,1
ChIJ_13pE66yXkERQMkOVffCoK8,Деревяный Дворик,55.829048300000004,49.149169799999996,"night_club,point_of_interest,establishment",4.5,2,"пр. Хусаина Ямашева, 94Б, Казань, Респ. Татарстан, Россия, 420133",0,0,0,0,0,0,0,0,0,1,0,1,0,0,0,0,0,0,0,0,0
ChIJZzm46BCtXkERF4p9TduhuYs,Loveonlylove,55.7894426,49.119735999999996,"night_club,point_of_interest,establishment",0.0,0,"Казань, Респ. Татарстан, Россия, 420111",0,0,0,0,0,0,0,0,0,1,0,1,0,0,0,0,0,0,0,0,0
ChIJ3ey2wyKtXkERvXS2Rp1wtIE,Le Chat,55.793848,49.103482,"night_club,point_of_interest,food,establishment",0.0,0,"Московская ул., 1А, Казань, Респ. Татарстан, Россия, 420111",0,0,0,0,0,0,0,0,0,1,0,1,0,0,0,0,0,0,0,0,0
ChIJyWPftHlTWUERJPel_ifvTNE,Бабкина Лавка,55.8250409,49.096446,"night_club,point_of_interest,establishment",5.0,1,"Казань, Респ. Татарстан, Россия, 420066",0,0,0,0,0,0,0,0,0,1,0,1,0,0,0,0,0,0,0,0,1
ChIJ80HS8D2tXkERzQkCvEXN5Ko,ПАС - прававой Астраханский суд,55.796268000000005,49.1138179,"night_club,point_of_interest,establishment",0.0,0,"ул. Дзержинского, 5, Казань, Респ. Татарстан, Россия, 420111",0,0,0,0,0,0,0,0,0,1,0,1,0,0,0,0,0,0,0,0,0
ChIJ8-qpSBitXkERKuGM9EYypBA,Барсукъ мужской стриптиз клуб,55.79081499999999,49.107825,"night_club,bar,point_of_interest,establishment",4.5,21,"ул. Чернышевского, 27, Казань, Респ. Татарстан, Россия, 420111",0,0,0,0,0,0,0,0,0,1,0,1,0,0,0,0,1,0,0,0,1
ChIJi1WfucKtXkERAihkATe9Hyc,Нора,55.793706799999995,49.116191799999996,"night_club,point_of_interest,establishment",4.7,7,"ул. Кремлевская, 21, Казань, Респ. Татарстан, Россия, 420111",0,0,0,0,0,0,0,0,0,1,0,1,0,0,0,0,0,0,0,0,0
ChIJ09ka2A2zXkERCqy1UorWq2E,РК Резиденция.Сауна и караоке клуб,55.75496769999999,49.2300548,"night_club,point_of_interest,establishment",0.0,0,"ул. Юлиуса Фучика, 105А, Казань, Респ. Татарстан, Россия, 420141",0,0,0,0,0,0,0,0,0,1,0,1,0,0,0,0,0,0,0,0,0
ChIJUaXWiROtXkERhLjiwYrqdOo,AFTERPARTY#1,55.793718999999996,49.1253406,"night_club,point_of_interest,establishment",0.0,0,"ул. Пушкина, 46, Казань, Респ. Татарстан, Россия, 420124",0,0,0,0,0,0,0,0,0,1,0,1,0,0,0,0,0,0,0,0,0
ChIJ5VtpAlazXkERMGhCqdH0qig,DISKOTEKA FORUM - ТАТАРСКАЯ ДИСКОТЕКА,55.8124164,49.0942087,"night_club,point_of_interest,establishment",5.0,1,"Казань, Респ. Татарстан, Россия, 420140",0,0,0,0,0,0,0,0,0,1,0,1,0,0,0,0,0,0,0,0,0
ChIJzT4MfFCtXkER7upIXzMLq_Y,"Gentelmen's club, стриптиз клуб",55.81544399999999,49.127257,"night_club,bar,point_of_interest,establishment",4.8,15,"Проспект Фатыха Амирхана, д. 1Б РК Ривьера, 3 этаж, Казань, Респ. Татарстан, Россия, 420124",0,0,0,0,0,0,0,0,0,1,0,1,0,0,0,1,1,0,0,0,1
ChIJK3Vl7dVSWUERl3otzGA3aPE,IDOL,55.805671600000004,49.058566799999994,"night_club,point_of_interest,establishment",1.0,1,"ул. Пушкина, 46, Казань, Респ. Татарстан, Россия, 420030",0,0,0,0,0,0,0,0,0,1,0,1,0,0,0,0,0,0,0,0,0
ChIJFS94RHatXkERzdCDVYuhLc4,11 Летняя колония строгого режима,55.7549595,49.2093359,"night_club,point_of_interest,establishment",3.3,4,"ул. Братьев Касимовых, 68, Казань, Респ. Татарстан, Россия, 420110",0,0,0,0,0,0,0,0,0,1,0,1,0,0,0,0,0,0,0,0,0
ChIJnRk6zHmuXkER_71hzMb8_CE,Ermitage club,55.74484899999999,49.1959989,"night_club,bar,point_of_interest,establishment",4.3,7,"ул. Академика Парина, 1, Казань, Респ. Татарстан, Россия, 420101",0,0,0,0,0,0,0,0,0,1,0,1,0,0,0,0,0,0,0,0,0
ChIJAZV3liKtXkERoPtqIiRhwUQ,Zажигалка,55.793115,49.104051,"night_club,point_of_interest,establishment",3.8,19,"Московская ул., 11, Казань, Респ. Татарстан, Россия, 420111",0,0,0,0,0,0,0,0,0,1,0,1,0,0,0,0,1,0,0,0,1
ChIJPx0DPupSWUERshxgNz1IXu8,Zion Компьютерный Клуб,55.8286149,49.058045,"night_club,point_of_interest,establishment",4.0,22,"ул. Кулахметова, 23, Казань, Респ. Татарстан, Россия, 420095",0,0,0,0,0,0,0,0,0,1,0,1,0,0,0,0,0,0,0,0,1
ChIJm65Xfg-tXkERazhkAuFrsx4,Bonaparte,55.78390599999999,49.12606299999999,"spa,night_club,bar,lodging,health,point_of_interest,establishment",4.6,58,"ул. Островского, 67, Казань, Респ. Татарстан, Россия, 420107",0,0,0,0,0,0,0,0,0,1,0,1,0,0,0,1,0,1,0,0,1
ChIJlYX2UMutXkERC0e8gej5vRQ,Pre-Party Korston,55.79397339999999,49.1485662,"night_club,point_of_interest,establishment",0.0,0,"Казань, Респ. Татарстан, Россия, 420015",0,0,0,0,0,0,0,0,0,1,0,1,0,0,0,0,0,0,0,0,0
ChIJSyR5fFqtXkERK6jaDM045Tg,"Достоевский, мужской клуб",55.815158,49.13053,"night_club,bar,lodging,restaurant,point_of_interest,food,establishment",0.0,0,"Riv'era, Akvapark, пр. Фатыха Амирхана, 1, Казань, Респ. Татарстан, Россия, 420126",0,0,0,0,0,0,0,0,0,1,0,1,0,1,0,0,0,0,0,0,0
ChIJRRTccAWtXkEReDUiGKTdfoc,Парк Тысячелетия Казани,55.78351749999999,49.123751500000004,"park,point_of_interest,establishment",4.5,2507,"Казань, Респ. Татарстан, Россия, 420107",0,0,0,0,0,0,0,0,0,0,1,1,0,0,0,0,0,0,0,0,1
ChIJmcUVo6lSWUERSnSg7Uu-dmw,Парк Победы,55.82941049999999,49.107361499999996,"park,point_of_interest,establishment",4.7,5981,"ул. Бондаренко, Казань, Респ. Татарстан, Россия, 420066",0,0,0,0,0,0,0,0,0,0,1,1,0,0,0,1,0,0,0,0,0
ChIJjzm_cBatXkERrGXaxLVLsJY,Чёрное озеро,55.794904200000005,49.1178238,"park,point_of_interest,establishment",4.5,4202,"ул. Дзержинского, Казань, Респ. Татарстан, Россия, 420111",0,0,0,0,0,0,0,0,0,0,1,1,0,0,0,0,0,0,1,0,1
ChIJ-Tu8uZNSWUERX7reEte4JPE,Парк имени Урицкого,55.837686399999996,49.06403719999999,"park,point_of_interest,establishment",4.7,4827,"Казань, Респ. Татарстан, Россия, 420039",0,0,0,0,0,0,0,0,0,0,1,1,0,0,0,1,0,0,0,0,0
ChIJIZLEq2RNWUER1AUvrTdX8y8,Парк Крылья Советов,55.85245070000001,49.08848039999999,"park,point_of_interest,establishment",4.5,2750,"Казань, Респ. Татарстан, Россия, 420127",0,0,0,0,0,0,0,0,0,0,1,1,0,0,0,1,0,0,0,0,0
ChIJLW_v_K-yXkERCb8bKkNz2Ow,Парк Континент,55.826781700000005,49.155596,"park,point_of_interest,establishment",4.6,1019,"пр. Хусаина Ямашева, 104, Казань, Респ. Татарстан, Россия, 420133",0,0,0,0,0,0,0,0,0,0,1,1,0,0,0,0,0,0,1,0,0
ChIJJ4-AgvusXkERz2fN4KoURfU,Парк Молодоженов,55.77552739999999,49.0999334,"park,point_of_interest,establishment",3.8,286,"Казань, Респ. Татарстан, Россия, 420108",0,0,0,0,0,0,0,0,0,0,1,1,0,0,0,1,0,0,0,0,0
ChIJucpVxBKtXkERewaD3eOsuo8,Лядской сад,55.7928169,49.1340096,"park,point_of_interest,establishment",4.7,1525,"ул. Максима Горького, Казань, Респ. Татарстан, Россия, 420015",0,0,0,0,0,0,0,0,0,0,1,1,0,0,0,0,0,0,0,0,1
ChIJl25lwHauXkERgyo0ebnX-So,Парк Ёлочный Городок,55.746536,49.204736,"park,point_of_interest,establishment",4.4,66,"просп. Победы, 46а, Казань, Респ. Татарстан, Россия, 420138",0,0,0,0,0,0,0,0,0,0,1,1,0,0,0,0,0,0,0,0,1
ChIJNZqPS6-tXkERWHMs8hl8dks,Парк Филармонии,55.77331289999999,49.142069299999996,"park,point_of_interest,establishment",4.1,137,"ул. Павлюхина, 73, Казань, Респ. Татарстан, Россия, 420049",0,0,0,0,0,0,0,0,0,0,1,1,0,0,0,0,0,0,0,0,1
ChIJSQ8KanGtXkERXvCf_ObJPfg,Центральный парк культуры и отдыха имени Горького,55.79856729999999,49.1472102,"park,point_of_interest,establishment",4.7,5977,"ул. Николая Ершова, Казань, Респ. Татарстан, Россия, 420097",0,0,0,0,0,0,0,0,0,0,1,1,0,0,0,0,1,0,1,0,0
ChIJgZwYPMOtXkERBkw-HHA9RFw,Парк уникальных хвойных пород (на снимке у вас видны посадки а зелени на схеме почти нет),55.75982710000001,49.1880457,"park,point_of_interest,establishment",4.8,4,"ул. Хусаина Мавлютова, 2,Казань, Респ. Татарстан, 420087, Казань, Респ. Татарстан, Россия, 420087",0,0,0,0,0,0,0,0,0,0,1,1,0,0,0,0,0,0,0,0,0
ChIJr0F7qk2tXkERX5OZV40nUFI,Стамбул,55.8180135,49.110558399999995,"park,point_of_interest,establishment",4.5,669,"Рабочая ул., Казань, Респ. Татарстан, Россия, 420124",0,0,0,0,0,0,0,0,0,0,1,1,0,0,0,0,0,0,0,0,0
ChIJsdxxrv2sXkER8lkfMAQRRrg,Парк им. Карима Тинчурина,55.77554439999999,49.106933700000006,"park,point_of_interest,establishment",4.5,221,"ул. Карима Тинчурина, 15, Казань, Респ. Татарстан, Россия, 420021",0,0,0,0,0,0,0,0,0,0,1,1,0,0,0,0,0,0,0,0,0
ChIJfbumFtmtXkER0Rd5OzxXW0I,"Детский парк ""Калейдоскоп""",55.75163939999999,49.1955036,"park,point_of_interest,establishment",4.7,1963,"ул. Рихарда Зорге, Казань, Респ. Татарстан, Россия, 420101",0,0,0,0,0,0,0,0,0,0,1,1,0,0,0,0,0,0,0,0,0
ChIJD_uOyG-tXkERvb5whi9rAk8,Мемориальная зона Парка Горького,55.7979606,49.1489821,"park,point_of_interest,establishment",3.9,11,"Казань, Респ. Татарстан, Россия, 420015",0,0,0,0,0,0,0,0,0,0,1,1,0,0,0,0,0,0,0,0,1
ChIJB2HKNoGyXkERdmh_MAURa-c,Советская Площадь,55.802687799999994,49.18584310000001,"park,point_of_interest,establishment",4.3,887,"Казань, Респ. Татарстан, Россия, 420061",0,0,0,0,0,0,0,0,0,0,1,1,0,0,0,1,0,0,0,0,0
ChIJF7tcyT6tXkERmcIhRzOfEj4,Парк Дворца Земледельцев,55.80102779999999,49.1112127,"park,point_of_interest,establishment",4.8,228,"ул. Федосеевская, 36, Казань, Респ. Татарстан, Россия, 420111",0,0,0,0,0,0,0,0,0,0,1,1,0,0,0,0,0,0,0,0,0
ChIJ3fOshOOtXkERADCqxX2MwhQ,Танцующие фонтаны,55.7614494,49.2142731,"park,point_of_interest,establishment",4.8,9,"Казань, Респ. Татарстан, Россия, 420140",0,0,0,0,0,0,0,0,0,0,1,1,0,0,0,0,0,0,0,0,0
ChIJH2Vot3StXkERzj02w6rvVgM,Сквер Аксенова,55.78773169999999,49.1472506,"park,point_of_interest,establishment",4.6,199,"ул. Чехова, 24, Казань, Респ. Татарстан, Россия, 420043",0,0,0,0,0,0,0,0,0,0,1,1,0,0,0,0,0,0,0,0,0
ChIJa-ppsxqtXkERVjQTPGO0KDA,Сквер им. Габдуллы Тукая,55.7851165,49.1203419,"park,point_of_interest,establishment",4.4,18,"ул. Николаева, 5, Казань, Респ. Татарстан, Россия, 420107",0,0,0,0,0,0,0,0,0,0,1,1,0,0,0,0,0,0,0,0,0
ChIJWVsSrm2tXkERjpaJdQSq_Xs,сквер Л.Толстого,55.795591,49.1394908,"park,point_of_interest,establishment",4.7,44,"ул. Толстого, 11А, Казань, Респ. Татарстан, Россия, 420015",0,0,0,0,0,0,0,0,0,0,1,1,0,0,0,0,0,0,0,0,0
ChIJ892ETnStXkERuhpgZlJ9PRM,Сквер Ершова,55.791809400000005,49.148276200000005,"park,point_of_interest,establishment",4.4,12,"ул. Достоевского, 57, Казань, Респ. Татарстан, Россия, 420097",0,0,0,0,0,0,0,0,0,0,1,1,0,0,0,0,0,0,0,0,0
ChIJjdjJkwmyXkERnCu4D8KwdlI,Сквер,55.7781132,49.22296739999999,"park,point_of_interest,establishment",4.8,16,"Казань, Респ. Татарстан, Россия, 420100",0,0,0,0,0,0,0,0,0,0,1,1,0,0,0,0,0,0,0,0,0
ChIJ_arAvnOtXkERCh7T91pRsXs,Сквер им. Н.Ершова,55.79154499999999,49.1482847,"park,point_of_interest,establishment",4.3,103,"ул. Чехова, 4, Казань, Респ. Татарстан, Россия, 420012",0,0,0,0,0,0,0,0,0,0,1,1,0,0,0,0,0,0,0,0,0
ChIJN7FQVQWtXkERm838R7PBsfA,Сквер им. Габдуллы Тукая,55.785588,49.1218529,"bus_station,transit_station,point_of_interest,establishment",0.0,0,"Казань, Респ. Татарстан, Россия, 420107",0,0,0,0,0,0,0,0,0,0,0,1,0,0,0,0,0,0,0,0,0
ChIJ1RHhnXeuXkERw26j8GT6goA,сквер имени Академика Парина,55.74587330000001,49.1982831,"park,point_of_interest,establishment",4.7,104,"просп. Победы, 15к1, Казань, Респ. Татарстан, Россия, 420138",0,0,0,0,0,0,0,0,0,0,1,1,0,0,0,1,0,0,0,0,0
ChIJlZ1vJ5hSWUERbpPmrf2NWGI,Сквер им. А.Н.Туполева,55.8381309,49.0796117,"park,point_of_interest,establishment",4.6,51,"ул. Декабристов, 199, Казань, Респ. Татарстан, Россия, 420039",0,0,0,0,0,0,0,0,0,0,1,1,0,0,0,0,0,0,0,0,0
ChIJS_wzS1OsXkERzhRRaVihIJI,Сквер им. Вахитова,55.76690010000001,49.1289313,"park,point_of_interest,establishment",4.5,2,"Казань, Респ. Татарстан, Россия, 420107",0,0,0,0,0,0,0,0,0,0,1,1,0,0,0,0,0,0,0,0,0
ChIJfTfZt71SWUERNtDCrOa1yiU,Сквер Тебриз,55.83291510000001,49.078846,"park,point_of_interest,establishment",3.4,25,"ул. Декабристов, 185Б, Казань, Респ. Татарстан, Россия, 420080",0,0,0,0,0,0,0,0,0,0,1,1,0,0,0,0,0,0,0,0,0
ChIJoY8HHFOtXkERX4nfdgBiVf0,Сквер Школьников,55.822010600000006,49.1173485,"park,point_of_interest,establishment",4.1,28,"Казань, Респ. Татарстан, Россия, 420124",0,0,0,0,0,0,0,0,0,0,1,1,0,0,0,0,0,0,0,0,0
ChIJC2g5e0qtXkER2ryd_COF6rY,Сквер,55.8131897,49.0998218,"park,point_of_interest,establishment",4.0,3,"Казань, Респ. Татарстан, Россия, 420066",0,0,0,0,0,0,0,0,0,0,1,1,0,0,0,0,0,0,0,0,0
ChIJKYEgyZytXkERvgEsN6ote78,Сквер на Аделя Кутуя,55.7876771,49.172138700000005,"park,point_of_interest,establishment",4.3,12,"Спортивная ул., 14, Казань, Респ. Татарстан, Россия, 420073",0,0,0,0,0,0,0,0,0,0,1,1,0,0,0,0,0,0,0,0,0
ChIJpT2opxutXkERr5vCS6hMF3Y,Сквер Интернационал,55.78554200000001,49.11291199999999,"park,point_of_interest,establishment",3.0,1,"ул. Лево-Булачная, 48-56, Казань, Респ. Татарстан, Россия, 420021",0,0,0,0,0,0,0,0,0,0,1,1,0,0,0,0,0,0,0,0,0
ChIJCWCWWsWtXkERkz_04wUF4gQ,Сквер им. Карбышева,55.7557171,49.178938,"park,point_of_interest,establishment",4.5,2,"Казань, Респ. Татарстан, Россия, 420101",0,0,0,0,0,0,0,0,0,0,1,1,0,0,0,0,0,0,0,0,0
ChIJ0UNYILuzXkER-7jk8x_HUdM,Сквер им. Павелко В. С.,55.7873098,49.225075200000006,"park,point_of_interest,establishment",5.0,1,"Казань, Респ. Татарстан, Россия, 420100",0,0,0,0,0,0,0,0,0,0,1,1,0,0,0,0,0,0,0,0,0
ChIJFdfbf4avXkERUf7biqEAIc8,Сквер «Дубовый Кардон»,55.7505137,49.2360164,"park,point_of_interest,establishment",0.0,0,"Казань, Респ. Татарстан, Россия, 420141",0,0,0,0,0,0,0,0,0,0,1,1,0,0,0,0,0,0,0,0,0
ChIJyz2kP3WtXkERCGsrLC4zkco,шахматный сквер,55.7860538,49.15184929999999,"park,point_of_interest,establishment",4.0,36,"ул, ул. Вишневского, 31, Казань, Респ. Татарстан, Россия, 420043",0,0,0,0,0,0,0,0,0,0,1,1,0,0,0,0,0,0,0,0,0
ChIJUcVPZjmtXkEREeZw3te7OFM,Воскресенская башня Казанского Кремля,55.8017692,49.1070595,"point_of_interest,establishment",4.9,17,"улица Шейнкмана 1 Казань Татарстан Републиц, Россия, 420111",0,0,0,0,0,0,0,0,0,0,0,1,0,0,0,0,0,0,0,0,0
ChIJgxT1FzmtXkER8s4dnFase70,Кремлевская Набережная,55.8031624,49.11522739999999,"point_of_interest,establishment",4.8,8580,"ул. Федосеевская, 1, Казань, Респ. Татарстан, Россия, 420111",0,0,0,0,0,0,0,0,0,0,0,1,0,0,0,0,0,0,0,1,0
ChIJIblRFBStXkER68pq-zwGIHk,Фонтан любви,55.794091200000004,49.12288479999999,"point_of_interest,establishment",4.9,11,"Ленинский сад, ул. Дзержинского, Казань, Респ. Татарстан, Россия, 420111",0,0,0,0,0,0,0,0,0,0,0,1,0,0,0,0,0,0,0,0,0
ChIJtcea22-tXkERZ-QB9cop5w0,Поющие Фонтаны,55.797679599999995,49.1503946,"point_of_interest,establishment",4.7,216,"Казань, Респ. Татарстан, Россия, 420015",0,0,0,0,0,0,0,0,0,0,0,1,0,0,0,0,0,0,0,0,0
ChIJA6_d9TytXkERvLUDkD8Uxhk,Манеж,55.79750799999999,49.1064093,"point_of_interest,establishment",4.6,60,"Кремль, Казань, Респ. Татарстан, Россия, 420111",0,0,0,0,0,0,0,0,0,0,0,1,0,0,0,0,0,0,0,0,0
ChIJv_W9aNpSWUER9QHhnuQ5sjM,Красные ворота,55.815105900000006,49.0580704,"point_of_interest,establishment",4.5,197,"к1, ул. Степана Халтурина, 5, Казань, Респ. Татарстан, Россия, 420032",0,0,0,0,0,0,0,0,0,0,0,1,0,0,0,0,0,0,0,0,1
ChIJY-GbQxatXkERv2hX9PhgZBY,Александровский Пассаж,55.7942307,49.11551180000001,"point_of_interest,establishment",4.6,18,"ул. Кремлевская, 17/22, Казань, Респ. Татарстан, Россия, 420111",0,0,0,0,0,0,0,0,0,0,0,1,0,0,0,0,0,0,0,0,0
ChIJ00fRyDutXkERMOdWRHzigUw,Тайницкая башня Казанского кремля,55.80118659999999,49.103837299999995,"point_of_interest,establishment",4.7,49,"ул. Шейнкмана, Казань, Респ. Татарстан, Россия, 420111",0,0,0,0,0,0,0,0,0,0,0,1,0,0,0,0,0,0,0,0,0
ChIJVXv3RRetXkERebCSpM3BgfE,Памятник карете Екатерины II,55.791480699999994,49.113299100000006,"point_of_interest,establishment",4.7,198,"ул. Баумана, Казань, Респ. Татарстан, Россия, 420111",0,0,0,0,0,0,0,0,0,0,0,1,0,0,0,0,0,0,0,0,0
ChIJ79ugKQWtXkERK_wlyQlmE2I,Фонтаны,55.7838041,49.1187148,"point_of_interest,establishment",4.6,285,"ул. Татарстан, 2, Казань, Респ. Татарстан, Россия, 420056",0,0,0,0,0,0,0,0,0,0,0,1,0,0,0,0,0,0,0,0,0
ChIJU65BmSGtXkERfc65lagmAVs,Казанский кремль,55.79935620000001,49.1059989,"point_of_interest,establishment",4.9,32139,"Казань, Респ. Татарстан, Россия, 420014",0,0,0,0,0,0,0,0,0,0,0,1,0,0,0,0,0,0,0,0,1
ChIJ5QAEShGtXkERreY0CAy6RdY,Дом Ушковой,55.79164069999999,49.1210967,"point_of_interest,establishment",4.6,55,"ул. Кремлевская, 33, Казань, Респ. Татарстан, Россия, 420008",0,0,0,0,0,0,0,0,0,0,0,1,0,0,0,0,0,0,0,0,1
ChIJCTenvg-tXkERDL7NAxUZnBs,Галерея Славы Зайцева,55.78786650000001,49.121493799999996,"art_gallery,museum,point_of_interest,establishment",4.9,129,"ул. Баумана, 51/50, Казань, Респ. Татарстан, Россия, 420111",0,0,1,0,0,0,0,0,0,0,0,1,1,0,0,0,0,0,0,0,1
ChIJnctOTKatXkERifNETZLbBKE,Памятник первому трамваю Казани,55.77692,49.1427334,"museum,point_of_interest,establishment",4.7,19,"ул. Петербургская, Казань, Респ. Татарстан, Россия, 420049",0,0,0,0,0,0,0,0,0,0,0,1,1,0,0,0,0,0,0,0,0
ChIJk5OcmmetXkERx_K1xoubtcQ,Мост Миллениум,55.8067,49.1432999,"point_of_interest,establishment",4.6,555,"Казань, Респ. Татарстан, Россия, 420015",0,0,0,0,0,0,0,0,0,0,0,1,0,0,0,0,0,0,0,0,0
ChIJg-PbwhStXkER8tZM6qIstY4,Казанская Ратуша,55.796367999999994,49.1262134,"point_of_interest,establishment",4.7,183,"ул. Карла Маркса, 33, Казань, Респ. Татарстан, Россия, 420015",0,0,0,0,0,0,0,0,0,0,0,1,0,0,0,0,0,0,0,0,0
ChIJ5ev-0TytXkERwTgvh2yuoHc,Протока Булак,55.79590379999999,49.10360679999999,"point_of_interest,establishment",5.0,6,"Казань, Респ. Татарстан, Россия, 420111",0,0,0,0,0,0,0,0,0,0,0,1,0,0,0,0,0,0,0,0,0
ChIJMRjhJGatXkER2rnIKOIRY1Q,Галерея,55.8170365,49.102805100000005,"point_of_interest,establishment",0.0,0,"Солдатская ул., 4, Казань, Респ. Татарстан, Россия, 420066",0,0,0,0,0,0,0,0,0,0,0,1,0,0,0,0,0,0,0,0,0
ChIJFY6iCD2tXkERScUdnUWEiyE,Памятник М. Джалилю,55.79613739999999,49.1085006,"point_of_interest,establishment",4.8,224,"1 Мая пл., Казань, Респ. Татарстан, Россия, 420111",0,0,0,0,0,0,0,0,0,0,0,1,0,0,0,0,0,0,0,0,1
ChIJwxu5GhWtXkEREaLTTiSfPBg,Зилант,55.80198439999999,49.1251091,"point_of_interest,establishment",0.0,0,"Казань, Респ. Татарстан, Россия, 420015",0,0,0,0,0,0,0,0,0,0,0,1,0,0,0,0,0,0,0,0,0
ChIJx26QdRCtXkERmZy3i6kl2wY,Музей Социалистического Быта,55.786972399999996,49.1194925,"museum,point_of_interest,establishment",4.7,555,"ул. Островского, 39/6, Казань, Респ. Татарстан, Россия, 420000",0,0,0,0,0,0,0,0,0,0,0,1,1,0,0,1,1,0,0,1,0
ChIJ7T9ochetXkERtjnx9BjhYpg,Музей иллюзий,55.791628,49.1135771,"museum,point_of_interest,establishment",4.2,361,"ул. Баумана, 17, Казань, Респ. Татарстан, Россия, 420111",0,0,0,0,0,0,0,0,0,0,0,1,1,0,0,0,0,0,0,0,0
ChIJnTYm9hatXkERGz5nhjKLxtU,Музей Чак Чая,55.780998499999995,49.11564480000001,"museum,point_of_interest,establishment",4.5,31,"ул. Каюма Насыри, 5, Казань, Респ. Татарстан, Россия, 420021",0,0,0,0,0,0,0,0,0,0,0,1,1,0,0,0,0,0,0,0,0
ChIJ--I-0GytXkERJb2yYopqbZI,Государственный музей изобразительных искусств Республики Татарстан,55.794951,49.134989000000004,"museum,point_of_interest,establishment",4.4,34,"ул. Карла Маркса, 64, Казань, Респ. Татарстан, Россия, 420015",0,0,0,0,0,0,0,0,0,0,0,1,1,0,0,0,0,0,0,0,0
ChIJAyglZTytXkERCkWusaUXpEY,Музей естественной истории Татарстана,55.79835550000001,49.1061,"museum,point_of_interest,establishment",4.7,470,"ул. Шейнкмана, 12, Казань, Респ. Татарстан, Россия, 420014",0,0,0,0,0,0,0,0,0,0,0,1,1,0,0,1,0,0,0,0,1
ChIJf0J4eQOtXkERnSoU_OOIxXE,Музей Чак-Чака,55.7821057,49.1124591,"museum,point_of_interest,establishment",4.7,597,"ул. Парижской Коммуны, 18, Казань, Респ. Татарстан, Россия, 420021",0,0,0,0,0,0,0,0,0,0,0,1,1,0,0,0,1,0,0,0,0
ChIJs6lILG2tXkERLr_QyAxon4s,Литературно-мемориальный музей А.М. Горького,55.793626,49.12950439999999,"museum,point_of_interest,establishment",4.6,125,"ул. Максима Горького, 10, Казань, Респ. Татарстан, Россия, 420015",0,0,0,0,0,0,0,0,0,0,0,1,1,0,0,0,0,0,0,0,0
ChIJV7mCmzutXkERgUuCKIarTSw,Музей оружия Дух Воина,55.7995865,49.1037592,"museum,point_of_interest,establishment",4.6,882,"ул. Шейнкмана, 16/1, Казань, Респ. Татарстан, Россия, 420014",0,0,0,0,0,0,0,0,0,0,0,1,1,0,0,0,0,0,0,0,0
ChIJV1MeXxCtXkERuB7JYFg0h2o,Музей счастливого детства,55.7881319,49.120642,"museum,point_of_interest,establishment",4.7,202,"ул. Университетская, 9, Казань, Респ. Татарстан, Россия, 420111",0,0,0,0,0,0,0,0,0,0,0,1,1,0,0,0,0,0,0,0,1
ChIJhcmr7hetXkERyKXQ5whEyx4,Музей электричества и молний им. Н. Теслы,55.793180500000005,49.1103331,"museum,point_of_interest,establishment",3.8,69,"ул. Баумана, 7/10, Казань, Респ. Татарстан, Россия, 420111",0,0,0,0,0,0,0,0,0,0,0,1,1,0,0,0,0,0,0,0,1
ChIJfboR6WytXkER37mK0B39GYw,Дом-Музей Василия Аксенова,55.79541400000001,49.135257,"museum,point_of_interest,establishment",4.6,89,"ул. Карла Маркса, 55/31, Казань, Респ. Татарстан, Россия, 420015",0,0,0,0,0,0,0,0,0,0,0,1,1,0,0,0,0,0,0,0,0
ChIJM7HvMUCtXkERe0W3VVJSqcY,Музей 1000-летия Казани,55.801566799999996,49.1258282,"museum,point_of_interest,establishment",4.6,19,"ул. Пушкина, 86, Казань, Респ. Татарстан, Россия, 420111",0,0,0,0,0,0,0,0,0,0,0,1,1,0,0,0,0,0,0,0,0
ChIJQ07stBCtXkERadCBbrBj_Ug,Музей Константина Васильева,55.790035200000005,49.116484,"museum,point_of_interest,establishment",4.7,213,"ул. Баумана, 29/11, Казань, Респ. Татарстан, Россия, 420111",0,0,0,0,0,0,0,0,0,0,0,1,1,0,0,0,0,0,0,0,1
ChIJeYBRzBatXkERzbDK8x4axVs,Зоологический музей и гербарий им. Э.А. Эверсмана,55.7905929,49.1226581,"museum,point_of_interest,establishment",4.6,16,"ул. Кремлевская, 18, Казань, Респ. Татарстан, Россия, 420111",0,0,0,0,0,0,0,0,0,0,0,1,1,0,0,0,0,0,0,0,0
ChIJK7vNN22tXkERLKsystXlxwg,"Музей Е. А. Боратынского, филиал Национального музея Республики Татарстан",55.7938576,49.13543370000001,"museum,point_of_interest,establishment",4.8,130,"ул. Максима Горького, 25/28, Казань, Респ. Татарстан, Россия, 420015",0,0,0,0,0,0,0,0,0,0,0,1,1,0,0,1,0,0,0,0,0
ChIJ_cfIThatXkERtaVMQw8w2ZY,Геологический музей им. А. А. Штукенберга,55.793931900000004,49.11443879999999,"museum,point_of_interest,establishment",3.8,16,"ул. Кремлевская, 4/5, Казань, Респ. Татарстан, Россия, 420111",0,0,0,0,0,0,0,0,0,0,0,1,1,0,0,0,0,0,0,0,0
ChIJ-eKifTytXkERInudnaXpHkw,Музей исламской культуры,55.798463,49.10511109999999,"museum,point_of_interest,establishment",4.5,33,"ул. Шейнкмана, 13, Казань, Респ. Татарстан, Россия, 420014",0,0,0,0,0,0,0,0,0,0,0,1,1,0,0,0,0,0,1,0,0
ChIJ-fQ5dT2tXkERWP005KCky98,Национальный музей Республики Татарстан,55.795804000000004,49.109638000000004,"museum,point_of_interest,establishment",4.6,1064,"ул. Кремлевская, 2, Казань, Респ. Татарстан, Россия, 420111",0,0,0,0,0,0,0,0,0,0,0,1,1,0,0,0,0,0,0,0,1
ChIJW0YANAKtXkER1XAp6oKN2XM,Литературный музей Габдуллы Тукая,55.77749870000001,49.1154085,"museum,point_of_interest,establishment",4.6,57,"ул. Габдуллы Тукая, 74, Казань, Респ. Татарстан, Россия, 420021",0,0,0,0,0,0,0,0,0,0,0,1,1,0,0,1,0,0,0,0,0
ChIJr0BPeRetXkER3ZzOwPpNnOw,Музей восстания машин,55.79158670000001,49.1119529,"museum,point_of_interest,establishment",4.3,90,"ул. Баумана, 44/8, Казань, Респ. Татарстан, Россия, 420111",0,0,0,0,0,0,0,0,0,0,0,1,1,0,0,0,0,0,0,0,0
ChIJnXRFrk2tXkERrBvSmZ42Vt0,Picasso,55.817875,49.111164,"restaurant,point_of_interest,food,establishment",4.7,83,"Чистопольская ул., 20А, Казань, Респ. Татарстан, Россия, 420124",0,0,0,0,0,0,0,0,0,0,0,1,0,1,0,0,0,0,0,0,0
ChIJcT0paLRSWUERccFwzINVvqg,Van Gogh,55.82065600000001,49.09542020000001,"restaurant,point_of_interest,food,establishment",4.6,683,"пр. Ибрагимова, 56а, Казань, Респ. Татарстан, Россия, 420066",0,0,0,0,0,0,0,0,0,0,0,1,0,1,0,0,0,0,0,0,0
ChIJFS_BbxCtXkERwI5K-vOEuL0,На Крыше,55.7873657,49.1204091,"restaurant,bar,point_of_interest,food,establishment",4.5,1400,"улица Баумана 82 5 этаж, ТЦ Свита Холл, Казань, Респ. Татарстан, Россия, 420000",0,0,0,0,0,0,0,0,0,0,0,1,0,1,0,0,0,0,0,1,0
ChIJjSC-dRetXkERxPLwzzvdsC8,Твин Пикс,55.791979000000005,49.112868,"restaurant,point_of_interest,food,establishment",4.5,914,"ул. Баумана, 13, Казань, Респ. Татарстан, Россия, 420111",0,0,0,0,0,0,0,0,0,0,0,1,0,1,0,0,1,0,0,0,1
ChIJ5do3gwStXkER_ffa9GNP_fk,Татарская Усадьба,55.781080599999996,49.1170049,"restaurant,point_of_interest,food,establishment",4.5,959,"ул. Шигабутдина Марджани, 8, Казань, Респ. Татарстан, Россия, 420022",0,0,0,0,0,0,0,0,0,0,0,1,0,1,0,0,1,0,0,0,0
ChIJlxTm7QitXkERF2HmWk3vtWs,Ресторан Лось и Лосось Казань,55.79099,49.107795,"restaurant,point_of_interest,food,establishment",4.4,223,"ул. Чернышевского, 27, Казань, Респ. Татарстан, Россия, 420111",0,0,0,0,0,0,0,0,0,0,0,1,0,1,0,0,0,0,0,0,0
ChIJu5HroVGtXkERzr8ndrdT2CQ,Ромэйн,55.8180582,49.1228074,"restaurant,point_of_interest,food,establishment",4.7,385,"Чистопольская ул., 40, Казань, Респ. Татарстан, Россия, 420126",0,0,0,0,0,0,0,0,0,0,0,1,0,1,0,0,0,0,0,0,0
ChIJta9vyRmtXkERrKRdLJ0LQBA,Древняя Бухара,55.7929598,49.1075805,"cafe,restaurant,point_of_interest,food,establishment",4.6,1007,"Право-Булачная ул., 17, Казань, Респ. Татарстан, Россия, 420111",0,0,0,0,0,0,0,1,0,0,0,1,0,1,0,0,0,0,0,0,1
ChIJ_cBYrQetXkERCZME0_bgE9Q,Максимилианс,55.77922299999999,49.129642,"restaurant,point_of_interest,food,establishment",4.3,1237,"Спартаковская ул., 6, Казань, Респ. Татарстан, Россия, 420107",0,0,0,0,0,0,0,0,0,0,0,1,0,1,0,0,1,0,0,1,1
ChIJDZ7JIgetXkERclOOFMFc-eI,Пашмир,55.7768121,49.12739269999999,"restaurant,point_of_interest,food,establishment",4.6,386,"ул. Хади Такташа, 30, Казань, Респ. Татарстан, Россия, 420107",0,0,0,0,0,0,0,0,0,0,0,1,0,1,0,0,0,0,0,1,0
ChIJVbEPlquyXkER44MQ2lfC2OI,Family,55.827541700000005,49.1355104,"restaurant,point_of_interest,food,establishment",4.4,493,"пр. Хусаина Ямашева, 76, Казань, Респ. Татарстан, Россия, 420126",0,0,0,0,0,0,0,0,0,0,0,1,0,1,0,1,1,0,0,0,1
ChIJ86Bh3RetXkER9igFwff2tfo,Кремлин,55.7938002,49.1099768,"restaurant,point_of_interest,food,establishment",4.5,126,"Профсоюзная ул., 4, Казань, Респ. Татарстан, Россия, 420111",0,0,0,0,0,0,0,0,0,0,0,1,0,1,0,0,0,0,0,1,0
ChIJrYd18hetXkEREtTXirqPYdM,Урюк,55.792887199999996,49.109962700000004,"restaurant,point_of_interest,food,establishment",4.3,898,"Сибирские номера, ул. Баумана, 36, Казань, Респ. Татарстан, Россия, 420111",0,0,0,0,0,0,0,0,0,0,0,1,0,1,0,0,0,0,0,0,0
ChIJ8aMwT7xSWUERpcHG5qX9ouM,старый город,55.832041000000004,49.080856,"restaurant,point_of_interest,food,establishment",4.6,272,"ул. Декабристов, 156, Казань, Респ. Татарстан, Россия, 420080",0,0,0,0,0,0,0,0,0,0,0,1,0,1,0,1,0,1,0,1,0
ChIJXXgLqACtXkERtdZOUVNrU2c,Пир,55.7744061,49.1271859,"restaurant,point_of_interest,food,establishment",4.7,137,"ул. Хади Такташа, 54а, Казань, Респ. Татарстан, Россия, 420107",0,0,0,0,0,0,0,0,0,0,0,1,0,1,0,0,0,0,0,0,0
ChIJIQuxYhitXkERG4Su5zHqk7M,Чайхона №1,55.791613399999996,49.1044148,"restaurant,point_of_interest,food,establishment",4.5,585,"Московская ул., 20, Казань, Респ. Татарстан, Россия, 420111",0,0,0,0,0,0,0,0,0,0,0,1,0,1,0,0,0,0,0,1,1
ChIJPwIB8BetXkERXfmC9arnhtA,Hemingway,55.79298739999999,49.1097601,"restaurant,point_of_interest,food,establishment",4.7,199,"Сибирские номера, ул. Баумана, 36, Казань, Респ. Татарстан, Россия, 420111",0,0,0,0,0,0,0,0,0,0,0,1,0,1,0,0,0,0,0,1,0
ChIJFQhK8XStXkERtoeK3q1uAr0,Хинкальная,55.7882963,49.150868700000004,"restaurant,point_of_interest,food,establishment",4.6,740,"ул. Достоевского, 53А, Казань, Респ. Татарстан, Россия, 420043",0,0,0,0,0,0,0,0,0,0,0,1,0,1,0,0,0,0,0,0,0
ChIJkY6_CxmtXkERUlkebUZn5zg,Мацони,55.7888601,49.1082577,"restaurant,point_of_interest,food,establishment",4.7,208,"Московская ул., 35, Казань, Респ. Татарстан, Россия, 420111",0,0,0,0,0,0,0,0,0,0,0,1,0,1,0,0,0,0,0,1,1
ChIJoX6SJTmtXkERWJYe62dlv7c,Ля Фамилия,55.80228879999999,49.1106881,"restaurant,point_of_interest,food,establishment",4.5,379,"ул. Федосеевская, 1, Казань, Респ. Татарстан, Россия, 420111",0,0,0,0,0,0,0,0,0,0,0,1,0,1,0,0,0,1,0,1,1
ChIJF6ITJK2tXkERcl0NNpsBGxU,Казанский зооботанический сад,55.766059,49.132996999999996,"zoo,park,point_of_interest,establishment",3.8,2865,"ул. Хади Такташа, 112, Казань, Респ. Татарстан, Россия, 420107",0,0,0,0,0,0,0,0,0,0,1,1,0,0,1,0,0,0,0,0,0
ChIJCTenvg-tXkERQ_jbZaPLwLQ,Удивительный зоопарк,55.78538,49.12647399999999,"zoo,point_of_interest,establishment",4.1,154,"ул. Петербургская, д. 9, Казань, Респ. Татарстан, Россия, 420107",0,0,0,0,0,0,0,0,0,0,0,1,0,0,1,1,0,0,0,1,0
ChIJY_oiuRCtXkERVw5GoWCntdg,Контактный зоопарк,55.789472100000005,49.117627899999995,"zoo,point_of_interest,establishment",4.4,186,"ул. Баумана, 35, Казань, Респ. Татарстан, Россия, 420111",0,0,0,0,0,0,0,0,0,0,0,1,0,0,1,0,0,0,0,0,1
ChIJVc-spwetXkERX5Nr5ZMoICQ,Парк бабочек,55.778484,49.129934999999996,"zoo,travel_agency,museum,point_of_interest,establishment",4.4,166,"ТОЦ “Suvar Plaza, Спартаковская ул., 6, Казань, Респ. Татарстан, Россия, 420107",0,0,0,0,0,0,0,0,0,0,0,1,1,0,1,0,0,0,0,0,1
ChIJx2xNHq2tXkERqjMoG8aoYm0,Лукоморье,55.7666012,49.133452500000004,"zoo,point_of_interest,establishment",4.4,44,"ул. Хади Такташа, 112, Казань, Респ. Татарстан, Россия, 420107",0,0,0,0,0,0,0,0,0,0,0,1,0,0,1,1,0,0,0,0,0
ChIJoYvRwjutXkER2py27RLzcLQ,Зоопарк,55.8149191,49.1289045,"zoo,point_of_interest,establishment",3.7,3,"Unnamed Road, Казань, Респ. Татарстан, Россия, 420124",0,0,0,0,0,0,0,0,0,0,0,1,0,0,1,0,0,0,0,0,0
ChIJlTAW9YWyXkEROWTTlcfV5Wk,ХороShow,55.82950899999999,49.195856,"zoo,point_of_interest,establishment",3.2,10,"ул. Журналистов, 57, Казань, Респ. Татарстан, Россия, 420053",0,0,0,0,0,0,0,0,0,0,0,1,0,0,1,0,0,0,0,0,0
ChIJ41odwQ-tXkERO43pPe-mAHA,Зоопарк Регина,55.6759791,49.0970084,"zoo,point_of_interest,establishment",4.5,46,"Матюшинское лесничество, квартал 11, п. Петровский, Казань, Респ. Татарстан, Россия, 420070",0,0,0,0,0,0,0,0,0,0,0,1,0,0,1,1,0,0,1,0,0
ChIJlxI7Sa-tXkERrygeVd2PsIw,Яблонька,55.773126600000005,49.142354299999994,"zoo,park,point_of_interest,establishment",4.0,1,"Спартаковская ул., 338, Казань, Респ. Татарстан, Россия, 420049",0,0,0,0,0,0,0,0,0,0,1,1,0,0,1,0,0,0,0,0,0
ChIJY4HQ5CivXkER4rh814h1F-E,Малина,55.742887800000005,49.201041,"zoo,park,point_of_interest,establishment",0.0,0,"Unnamed Road, Казань, Респ. Татарстан, Россия, 420138",0,0,0,0,0,0,0,0,0,0,1,1,0,0,1,0,0,0,0,0,0
ChIJI6-ekO-tXkERi9bQkVw6uAU,Zoo-Mama.ru,55.7669679,49.206321100000004,"pet_store,store,point_of_interest,establishment",5.0,1,"ул. Родины, 37, Казань, Респ. Татарстан, Россия, 420087",0,0,0,0,0,0,0,0,0,0,0,1,0,0,0,0,0,0,0,0,0
ChIJsz2GI62tXkER3pY6gvgHse8,Зоопарк Ветеринарный Пункт,55.7661321,49.133369200000004,"veterinary_care,point_of_interest,establishment",3.4,45,"ул. Хади Такташа, 112, Казань, Респ. Татарстан, Россия, 420000",0,0,0,0,0,0,0,0,0,0,0,1,0,0,0,0,0,0,0,0,0
ChIJVVVxxNKUWUER2ofD0oEBLN0,Томас,56.633053000000004,47.9027971,"zoo,point_of_interest,establishment",4.5,160,"Архангельская слобода, 11, Йошкар-Ола, Марий Эл Републиц, Россия, 424010",0,0,0,0,0,0,0,0,0,0,0,1,0,0,1,0,0,0,0,0,0
ChIJB4PAvg-tXkERvHEJJj2biYo,«Трогательный Зоопарк»,55.785430100000006,49.1263534,"point_of_interest,establishment",0.0,0,"ул. Петербургская, д. 9, Казань, Респ. Татарстан, Россия, 420107",0,0,0,0,0,0,0,0,0,0,0,1,0,0,0,0,0,0,0,0,0
ChIJf2Erg9o44UMRqmtdbEZnG7c,Государственный зоологический парк Удмуртии,56.865536899999995,53.1741179,"zoo,point_of_interest,establishment",4.7,5179,"ул. Кирова, 8, Ижевск, республика Удмуртия, Россия, 426069",0,0,0,0,0,0,0,0,0,0,0,1,0,0,1,1,0,0,0,0,1
ChIJhbBqX8AeZkERDEf7Vlp_gGg,Самарский Зоологический Парк,53.222598,50.1633201,"zoo,point_of_interest,establishment",4.3,757,"ул. Ново-Садовая, 146, Самара, Самарская обл., Россия, 443068",0,0,0,0,0,0,0,0,0,0,0,1,0,0,1,0,0,0,0,0,1
ChIJi4X74h45XUER9oNoyI8z-E0,Русские Забавы,54.35490610000001,48.524355299999996,"zoo,point_of_interest,establishment",4.7,60,"ул. Оренбургская, 41б, Ульяновск, Ульяновская обл., Россия, 432052",0,0,0,0,0,0,0,0,0,0,0,1,0,0,1,0,0,0,0,0,1
ChIJ32hrmjFKtUYRlfWf_geFaNw,Московский зоопарк,55.7632314,37.576597899999996,"zoo,park,point_of_interest,establishment",4.5,37188,"Б. Грузинская ул., 1, Москва, Россия, 123242",0,0,0,0,0,0,0,0,0,0,1,1,0,0,1,1,0,0,0,0,1
ChIJJyY3TKIrTkERDX5BmDuWHgc,"Зоопарк ""Лимпопо""",56.334551,43.854125,"zoo,point_of_interest,establishment",4.8,5385,"ул. Ярошенко, 7Б, Нижний Новгород, Нижегородская обл., Россия, 603035",0,0,0,0,0,0,0,0,0,0,0,1,0,0,1,1,0,0,0,1,0
ChIJwR-4Z7ddYEERJT1EUrF6LEo,Детский Зоопарк,54.8965718,52.3025081,"zoo,point_of_interest,establishment",4.3,128,"ул. Лермонтова, 45, Альметьевск, Респ. Татарстан, Россия, 423450",0,0,0,0,0,0,0,0,0,0,0,1,0,0,1,0,0,0,1,0,1
ChIJYYfhsqZSWUERC3Y3iUiXOwA,"Gallery, склад",55.836588,49.0984059,"point_of_interest,establishment",0.0,0,"8-а, ул. Восстания, Казань, Казань, Респ. Татарстан, Россия, 420044",0,0,0,0,0,0,0,0,0,0,0,1,0,0,0,0,0,0,0,0,0
ChIJm9klezytXkERU1jxl_w9Dbs,Национальная художественная галерея «Хазинэ»,55.79888670000001,49.105528899999996,"art_gallery,museum,point_of_interest,establishment",4.6,52,"ул. Шейнкмана, 12, Казань, Респ. Татарстан, Россия, 420014",0,0,1,0,0,0,0,0,0,0,0,1,1,0,0,0,0,0,0,0,0
ChIJL4s75k2tXkER-chY2d5pMMk,1st GALLERY lounge,55.8169833,49.1143584,"point_of_interest,establishment",4.3,360,"Меридианная ул., 1, Казань, Респ. Татарстан, Россия, 420124",0,0,0,0,0,0,0,0,0,0,0,1,0,0,0,0,0,0,0,0,1
ChIJezv25WytXkER9637yDVbSFc,Галерея современного искусства ГМИИ РТ,55.795575,49.135984,"museum,point_of_interest,establishment",4.7,96,"улица Карла Маркса 57 Казань Татарстан Републиц, Россия, 420015",0,0,0,0,0,0,0,0,0,0,0,1,1,0,0,0,0,0,0,0,1
ChIJyWnFFBetXkER9Q3-0NLZO5c,АК Барс галерея,55.79135429999999,49.11167950000001,"art_gallery,point_of_interest,establishment",5.0,1,"ул. Баумана, 44/10-8, Казань, Респ. Татарстан, Россия, 420111",0,0,1,0,0,0,0,0,0,0,0,1,0,0,0,0,0,0,0,0,0
ChIJ6zmRgoKtXkERh6ZQQ9H0uOQ,Детская галерея-студия им. И.зарипова,55.791874,49.1709399,"art_gallery,point_of_interest,establishment",4.8,13,"ул. Гвардейская, 10, Казань, Респ. Татарстан, Россия, 420073",0,0,1,0,0,0,0,0,0,0,0,1,0,0,0,0,0,0,0,0,0
ChIJa4B3RWutXkERxHtDIUL2azI,Картины,55.79685569999999,49.1305002,"art_gallery,point_of_interest,establishment",4.1,12,"ул. Большая Красная, 48, Казань, Респ. Татарстан, Россия, 420015",0,0,1,0,0,0,0,0,0,0,0,1,0,0,0,0,0,0,0,0,0
ChIJWxN3zaGtXkERabHuZ5x5iUI,"САЛОН ""ГАЛЕРЕЯ""",55.781841799999995,49.1547347,"beauty_salon,point_of_interest,establishment",4.7,31,"Центральная, 39, Казань, Респ. Татарстан, Россия, 420097",0,0,0,0,0,0,0,0,0,0,0,1,0,0,0,0,0,0,0,0,0
ChIJleotrk2tXkER4CB-2rzTTQE,Галерея пробки,55.81735699999999,49.1117421,"home_goods_store,store,general_contractor,point_of_interest,establishment",5.0,2,"Чистопольская ул., 20Б, Казань, Респ. Татарстан, Россия, 420124",0,0,0,0,0,0,0,0,0,0,0,1,0,0,0,0,0,0,0,0,0
ChIJCYbDwQWtXkERls3pGo2ZWR8,"Караван галерея,",55.781737899999996,49.1254735,"point_of_interest,establishment",2.8,4,"Спартаковская ул., 2, Казань, Татарстан Републиц, Россия, 420107",0,0,0,0,0,0,0,0,0,0,0,1,0,0,0,0,0,0,0,0,0
ChIJbRnuPGutXkER1KTwKY4bStA,Галерея вин,55.79784889999999,49.1298289,"liquor_store,grocery_or_supermarket,store,point_of_interest,food,establishment",4.6,10,"ул. Жуковского, 23, Казань, Респ. Татарстан, Россия, 420055",0,0,0,0,0,0,0,0,0,0,0,1,0,0,0,0,0,0,0,0,0
ChIJJ-BMUeuyXkERxoXjCwr5Lb4,Галерея штор,55.8216671,49.19484079999999,"home_goods_store,store,general_contractor,point_of_interest,establishment",5.0,5,"ул. Журналистов, 54, Казань, Респ. Татарстан, Россия, 420088",0,0,0,0,0,0,0,0,0,0,0,1,0,0,0,0,0,0,0,0,0
ChIJMx5z0B6tXkERfCyxaSSF8_w,Галерея пальто,55.7873961,49.1030326,"clothing_store,store,point_of_interest,establishment",0.0,0,"ул. Чернышевского, 43/2, Казань, Респ. Татарстан, Россия, 420021",0,0,0,0,0,0,0,0,0,0,0,1,0,0,0,0,0,0,0,0,0
ChIJeVkaJG2tXkERzH3fwNMfZio,A la prima,55.7946649,49.135634,"art_gallery,point_of_interest,establishment",4.6,5,"ул. Муштари, 30, Казань, Респ. Татарстан, Россия, 420015",0,0,1,0,0,0,0,0,0,0,0,1,0,0,0,0,0,0,0,0,0
ChIJnw9qmBKtXkERZyR6uP-w27M,INK Gallery,55.79110430000001,49.134705700000005,"art_gallery,point_of_interest,establishment",4.5,8,"ул. Муштари, 19, Казань, Респ. Татарстан, Россия, 420012",0,0,1,0,0,0,0,0,0,0,0,1,0,0,0,0,0,0,0,0,0
ChIJY-09u3auXkERkd8_iPIDF7o,"Галерея услуг ""Флагман""",55.74668810000001,49.206098100000006,"beauty_salon,point_of_interest,establishment",5.0,2,"просп. Победы, 46а, Казань, Респ. Татарстан, Россия, 420138",0,0,0,0,0,0,0,0,0,0,0,1,0,0,0,0,0,0,0,0,0
ChIJIS3an7ZSWUERVDJOX8hXOS8,"ЛУАРА, ювелирная галерея",55.815391000000005,49.129988,"jewelry_store,store,point_of_interest,establishment",5.0,1,"пр. Фатыха Амирхана, 1А, Казань, Респ. Татарстан, Россия, 420124",0,0,0,0,0,0,0,0,0,0,0,1,0,0,0,0,0,0,0,0,0
ChIJl1duZFCtXkERnuymQOUIZbQ,Галерея Парк Культуры,55.8157574,49.1271311,"art_gallery,point_of_interest,establishment",5.0,7,"пр. Фатыха Амирхана, 1Б, Казань, Респ. Татарстан, Россия, 420124",0,0,1,0,0,0,0,0,0,0,0,1,0,0,0,0,0,0,0,0,0
ChIJSxxXLIWuXkER_SynaaSi2kM,Галерея Стиля,55.728460999999996,49.173118,"point_of_interest,establishment",3.0,3,"ул. Гарифа Ахунова, 20, Офис 7, Казань, Респ. Татарстан, Россия, 420011",0,0,0,0,0,0,0,0,0,0,0,1,0,0,0,0,0,0,0,0,0
ChIJobZvd5CtXkERQDCHxkQGBsg,Эрмитаж-Казань,55.7986034,49.1058612,"point_of_interest,establishment",4.7,204,"ул. Шейнкмана, 12, Казань, Респ. Татарстан, Россия, 420014",0,0,0,0,0,0,0,0,0,0,0,1,0,0,0,0,0,0,0,0,1
ChIJG4w9SQatXkERIsFx3bF3OYg,Like Gallery: выставка 3D иллюзий в Казани,55.77922299999999,49.1296419,"art_gallery,point_of_interest,establishment",0.0,0,"Спартаковская ул., 6, Казань, Респ. Татарстан, Россия, 420107",0,0,1,0,0,0,0,0,0,0,0,1,0,0,0,0,0,0,0,0,0
ChIJsTb3SxetXkER9ejjEuPI_J4,Республиканский Нмц Народного Творчества И Культурно-Просветительской Работы,55.790024,49.11587,"art_gallery,point_of_interest,establishment",3.0,1,"ул. Баумана, 60, Казань, Респ. Татарстан, Россия, 420111",0,0,1,0,0,0,0,0,0,0,0,1,0,0,0,0,0,0,0,0,0
ChIJcWEWCLWtXkERVHsxKiBMKQA,Мир детства,55.759122999999995,49.150218,"point_of_interest,establishment",0.0,0,"Оренбургский тракт, 8, Казань, Татарстан Републиц, Россия, 420059",0,0,0,0,0,0,0,0,0,0,0,1,0,0,0,0,0,0,0,0,0
ChIJcWEWCLWtXkERUTTgD_-Nfyk,Неделя российских товаров,55.759122999999995,49.150218,"point_of_interest,establishment",0.0,0,"ул. Оренбургский тракт, 8, Казань, Респ. Татарстан, Россия, 420000",0,0,0,0,0,0,0,0,0,0,0,1,0,0,0,0,0,0,0,0,0
ChIJlTa99z2tXkERvMr5X-gCZZc,"Музей ""Городская панорама""",55.79613079999999,49.11418,"point_of_interest,establishment",4.7,271,"ул. Дзержинского, 7, Казань, Респ. Татарстан, Россия, 420111",0,0,0,0,0,0,0,0,0,0,0,1,0,0,0,0,0,0,0,1,0
ChIJlaZpCLWtXkERP3bw-elmqUw,Казанская Ярмарка,55.759043999999996,49.150100099999996,"point_of_interest,establishment",4.2,923,"Оренбургский Тракт,, 8, Казань, Респ. Татарстан, Россия, 420059",0,0,0,0,0,0,0,0,0,0,0,1,0,0,0,0,0,0,0,0,0
ChIJ6ZmmT_isXkER5dR5bbGvxhE,"СОТКА, выставка мебельных фабрик Казани",55.76780260000001,49.104407200000004,"furniture_store,home_goods_store,store,point_of_interest,establishment",0.0,0,"ул. Мазита Гафури, 48, 307 офис, 3 этаж, Казань, Респ. Татарстан, Россия, 420108",0,0,0,0,0,0,0,0,0,0,0,1,0,0,0,0,0,0,0,0,0
ChIJw6V1NRGtXkERQxexXBCc5HY,Выставочный зал,55.7916951,49.1207534,"point_of_interest,establishment",0.0,0,"Национальная библиотека Республики Татарстан, ул. Кремлевская, 33, Казань, Респ. Татарстан, Россия, 420111",0,0,0,0,0,0,0,0,0,0,0,1,0,0,0,0,0,0,0,0,0
ChIJj0QlnxGtXkEReyRkQDOCvcM,"ООО ""ТатЭкспо""",55.789683700000005,49.12479520000001,"point_of_interest,establishment",3.6,5,"ул. Пушкина, 18, Казань, Респ. Татарстан, Россия, 420111",0,0,0,0,0,0,0,0,0,0,0,1,0,0,0,0,0,0,0,0,0
ChIJgZ4CKhmtXkERf24g1oSda6c,Смена,55.788366,49.10374299999999,"point_of_interest,establishment",4.7,622,"ул. Бурхана Шахиди, 7, Казань, Респ. Татарстан, Россия, 420111",0,0,0,0,0,0,0,0,0,0,0,1,0,0,0,0,0,0,0,0,0
ChIJsUrLByOtXkERJdFg9CIM08E,Дворец спорта,55.79437120000001,49.0996495,"point_of_interest,establishment",4.3,627,"Московская ул., 1, Казань, Респ. Татарстан, Россия, 420202",0,0,0,0,0,0,0,0,0,0,0,1,0,0,0,0,0,0,0,0,0
ChIJ5TDrOxetXkER_CasWh85auE,Соль,55.7912294,49.116127500000005,"bar,point_of_interest,establishment",4.4,833,"Профсоюзная ул., 22, Казань, Респ. Татарстан, Россия, 420111",0,0,0,0,0,0,0,0,0,0,0,1,0,0,0,0,0,0,0,1,0
ChIJryPf7xetXkERwb8l6hrzYbc,Top Hop,55.79302879999999,49.10978979999999,"bar,point_of_interest,establishment",4.7,1227,"ул. Баумана, 36, Казань, Респ. Татарстан, Россия, 420111",0,0,0,0,0,0,0,0,0,0,0,1,0,0,0,0,1,0,0,0,1
ChIJrzE5CRqtXkERodIyRowGr-w,IQ,55.7900064,49.115899,"bar,point_of_interest,establishment",4.4,339,"ул. Баумана, 60, Казань, Респ. Татарстан, Россия, 420111",0,0,0,0,0,0,0,0,0,0,0,1,0,0,0,0,0,0,0,0,0
ChIJEbmRBwOtXkERLSVqF2cC05Q,Бар,55.7792495,49.11433220000001,"bar,point_of_interest,establishment",4.7,30,"ул. Габдуллы Тукая, 57, Казань, Респ. Татарстан, Россия, 420021",0,0,0,0,0,0,0,0,0,0,0,1,0,0,0,0,0,0,0,0,0
ChIJY6s2hlKtXkERSvum_3xXF3U,ReLab,55.819676599999994,49.1147244,"bar,point_of_interest,establishment",4.7,444,"Чистопольская ул., 19А, Казань, Респ. Татарстан, Россия, 420124",0,0,0,0,0,0,0,0,0,0,0,1,0,0,0,0,1,0,0,0,1
ChIJr-7Z_E2tXkERBjmcEg3GGJM,TOP HOP 2 крафтовый бар,55.8172069,49.1160718,"bar,point_of_interest,establishment",4.6,512,"Меридианная ул., 2, Казань, Респ. Татарстан, Россия, 420124",0,0,0,0,0,0,0,0,0,0,0,1,0,0,0,0,0,0,0,0,0
ChIJZUfNYhStXkER3OZOILVcitw,Brown Bear Grill,55.7948,49.125509,"bar,restaurant,point_of_interest,food,establishment",4.7,590,"ул. Пушкина, 54/1, Казань, Респ. Татарстан, Россия, 420000",0,0,0,0,0,0,0,0,0,0,0,1,0,1,0,0,0,0,0,0,0
ChIJnYSWJRatXkERpvaOBMKoU-A,Что делать!?,55.794935200000005,49.1131354,"bar,point_of_interest,establishment",4.4,358,"ул. Чернышевского, 3, Казань, Респ. Татарстан, Россия, 420111",0,0,0,0,0,0,0,0,0,0,0,1,0,0,0,0,0,0,0,1,1
ChIJr2kjsqeyXkERg8oQ_3iI1q0,HOME PUB,55.8201603,49.1465182,"bar,liquor_store,store,point_of_interest,establishment",4.4,88,"ул. Адоратского, 1А, Казань, Респ. Татарстан, Россия, 421001",0,0,0,0,0,0,0,0,0,0,0,1,0,0,0,0,0,0,0,0,0
ChIJ2xSSoBetXkERvdQHgSbThh4,Бельгиан,55.79243049999999,49.113301,"bar,point_of_interest,establishment",4.7,113,"Профсоюзная ул., 10/14, Казань, Респ. Татарстан, Россия, 420111",0,0,0,0,0,0,0,0,0,0,0,1,0,0,0,0,0,0,0,0,0
ChIJA-j4ARmtXkERcZsc--krVeI,Prometey,55.78957389999999,49.1067141,"bar,point_of_interest,establishment",4.6,71,"Московская ул., 28, Казань, Респ. Татарстан, Россия, 420111",0,0,0,0,0,0,0,0,0,0,0,1,0,0,0,0,0,0,0,0,0
ChIJX2p_8BOtXkERSDv9R0ysad4,Rockstar Bar,55.792865899999995,49.1240382,"bar,night_club,restaurant,point_of_interest,food,establishment",4.6,548,"ул. Пушкина, 29А, Казань, Респ. Татарстан, Россия, 420015",0,0,0,0,0,0,0,0,0,1,0,1,0,1,0,0,0,0,0,0,1
ChIJffhvcBetXkERf_bQorCk_lI,SПБ,55.79154789999999,49.112725299999994,"bar,point_of_interest,establishment",4.1,805,"ул. Баумана, 44/8, Казань, Респ. Татарстан, Россия, 420111",0,0,0,0,0,0,0,0,0,0,0,1,0,0,0,0,0,0,0,1,0
ChIJi18Rg3GtXkERV2zzgWEXSdk,Selfie,55.79397289999999,49.14929619999999,"bar,point_of_interest,establishment",3.8,25,"ул. Николая Ершова, 1A, Казань, Респ. Татарстан, Россия, 420061",0,0,0,0,0,0,0,0,0,0,0,1,0,0,0,0,1,0,0,0,1
ChIJ9z1TzlOtXkERTuEegw_onTM,Бар 24 часа,55.8200702,49.121387899999995,"bar,point_of_interest,establishment",3.8,39,"Чистопольская ул., 33А, Казань, Респ. Татарстан, Россия, 420124",0,0,0,0,0,0,0,0,0,0,0,1,0,0,0,0,0,0,0,0,0
ChIJjVV6m2qtXkERg89j8KMQBkc,Fomin,55.79235799999999,49.113693,"bar,restaurant,point_of_interest,food,establishment",4.7,245,"Профсоюзная ул., 10, Казань, Респ. Татарстан, Россия, 420111",0,0,0,0,0,0,0,0,0,0,0,1,0,1,0,0,0,0,0,0,0
ChIJ3c9aYAWtXkERqOtZNV7xc7g,Контора 57,55.78464739999999,49.1239366,"cafe,night_club,bar,restaurant,point_of_interest,food,establishment",4.5,296,"ул. Островского, 57а, Казань, Респ. Татарстан, Россия, 420107",0,0,0,0,0,0,0,1,0,1,0,1,0,1,0,0,1,0,0,0,0
ChIJD92RnRqtXkERU7ZJ4Z74joU,Дублин,55.78686410000001,49.11947079999999,"bar,restaurant,point_of_interest,food,establishment",4.5,577,"ул. Островского, 39/6, Казань, Респ. Татарстан, Россия, 420111",0,0,0,0,0,0,0,0,0,0,0,1,0,1,0,0,0,0,0,0,1
ChIJXyPtphGtXkERhOQEr-QMHdk,Craft House,55.78963100000001,49.1240251,"bar,liquor_store,store,point_of_interest,establishment",4.6,217,"ул. Пушкина, 21A, Казань, Респ. Татарстан, Россия, 420111",0,0,0,0,0,0,0,0,0,0,0,1,0,0,0,0,0,0,0,0,1
ChIJhVYGEiKtXkERXIRa2rKPRHU,Roof,55.791335,49.100035999999996,"bar,point_of_interest,establishment",4.6,263,"ул. Саид-Галеева, 6, 7 Этаж, Казань, Респ. Татарстан, Россия, 420111",0,0,0,0,0,0,0,0,0,0,0,1,0,0,0,0,0,0,0,0,1
ChIJuxMtTmVNWUEROKbpnn8dh8E,Макдоналдс,55.8476937,49.08473239999999,"restaurant,point_of_interest,food,establishment",4.4,2065,"yлица Дементьева, 1 В, Казань, Респ. Татарстан, Россия, 420036",0,0,0,0,0,0,0,0,0,0,0,1,0,1,0,1,0,0,0,0,0
ChIJ-chNGAOtXkERKzY0rGPulhg,Azmak,55.78009300000001,49.1127843,"restaurant,point_of_interest,food,establishment",4.3,57,"ул. Татарстан, 9в, Казань, Респ. Татарстан, Россия, 420011",0,0,0,0,0,0,0,0,0,0,0,1,0,1,0,0,0,0,0,0,0
ChIJZQWUFQ-uXkERhBnjw47jSYc,Та Самая Шаурма,55.754086,49.231714700000005,"restaurant,point_of_interest,food,establishment",4.4,529,"ул. Юлиуса Фучика, 64к1, Казань, Респ. Татарстан, Россия, 420141",0,0,0,0,0,0,0,0,0,0,0,1,0,1,0,0,0,0,0,0,1
ChIJtzjUzBCtXkERO6BqNV1ovVg,Wok&Go,55.790547,49.117434,"meal_delivery,meal_takeaway,restaurant,point_of_interest,food,establishment",4.4,392,"ул. Астрономическая, 13, Казань, Респ. Татарстан, Россия, 420111",0,0,0,0,0,0,0,0,0,0,0,1,0,1,0,0,0,0,0,0,1
ChIJQe8BGxCtXkER7pbRyS-dWtM,Бургер Кинг,55.78645110000001,49.1219732,"restaurant,point_of_interest,food,establishment",4.2,2988,"ул. Пушкина, 4, Казань, Респ. Татарстан, Россия, 420107",0,0,0,0,0,0,0,0,0,0,0,1,0,1,0,0,0,0,0,0,1
ChIJrz9kjrtSWUERHuzjdDJ0Qok,ТатМак,55.8299826,49.08402599999999,"restaurant,point_of_interest,food,establishment",4.4,2584,"ул. Волгоградская, 8, Казань, Респ. Татарстан, Россия, 420080",0,0,0,0,0,0,0,0,0,0,0,1,0,1,0,0,0,1,0,0,0
ChIJgXdr6QKtXkER9dEUoojaZPc,Doner City,55.779151399999996,49.1107007,"restaurant,point_of_interest,food,establishment",4.2,112,"ул. Татарстан, 52/1, Казань, Респ. Татарстан, Россия, 420021",0,0,0,0,0,0,0,0,0,0,0,1,0,1,0,0,0,0,0,1,0
ChIJRQDMPX-tXkERnSiOLvMF6us,Макдоналдс,55.7958136,49.1752416,"restaurant,point_of_interest,food,establishment",4.5,1831,"ул. Искра, 7, Казань, Респ. Татарстан, Россия, 420061",0,0,0,0,0,0,0,0,0,0,0,1,0,1,0,0,0,0,0,0,0
ChIJQzRPj3WuXkERCUjB43w9__Y,Макдоналдс,55.74903199999999,49.20901449999999,"restaurant,point_of_interest,food,establishment",4.3,2117,"ул. Рихарда Зорге, 66А, Казань, Респ. Татарстан, Россия, 420100",0,0,0,0,0,0,0,0,0,0,0,1,0,1,0,0,0,0,0,1,0
ChIJ6z7vcvqtXkERmHa8b-dAc4k,Макдоналдс,55.766404200000004,49.217883,"restaurant,point_of_interest,food,establishment",4.3,1411,"просп. Победы, 89, Казань, Респ. Татарстан, Россия, 420140",0,0,0,0,0,0,0,0,0,0,0,1,0,1,0,0,0,0,0,0,1
ChIJ6ag7UKitXkERYH-UfHk38X4,Макдоналдс,55.7743017,49.13788049999999,"restaurant,point_of_interest,food,establishment",4.4,1829,"ул. Марселя Салимжанова, 27, Казань, Респ. Татарстан, Россия, 420107",0,0,0,0,0,0,0,0,0,0,0,1,0,1,0,0,0,0,0,0,1
ChIJc5vdwm6yXkERvZE-KfzlvKM,Макдоналдс,55.795796100000004,49.224264700000006,"restaurant,point_of_interest,food,establishment",4.4,1725,"ул. Мамадышский Тракт, 10Б, Казань, Респ. Татарстан, Россия, 420025",0,0,0,0,0,0,0,0,0,0,0,1,0,1,0,0,0,0,0,0,0
ChIJ4SKI11OtXkERS0U5WZYL49k,Бургер Кинг,55.819734,49.122290500000005,"restaurant,point_of_interest,food,establishment",4.3,1209,"Чистопольская ул., 33В, Казань, Респ. Татарстан, Россия, 420124",0,0,0,0,0,0,0,0,0,0,0,1,0,1,0,0,0,0,0,0,1
ChIJL25__K6yXkER9nU65oFTI_g,Татбургер,55.8263884,49.1481946,"cafe,restaurant,point_of_interest,food,establishment",4.1,239,"пр. Хусаина Ямашева, 93, Казань, Респ. Татарстан, Россия, 421001",0,0,0,0,0,0,0,1,0,0,0,1,0,1,0,0,0,1,0,0,0
ChIJL29KwK-yXkERehkwxP61KGA,Макдоналдс,55.8269063,49.1529434,"restaurant,point_of_interest,food,establishment",4.4,1629,"пр. Хусаина Ямашева, 98Б, Казань, Респ. Татарстан, Россия, 420053",0,0,0,0,0,0,0,0,0,0,0,1,0,1,0,1,0,0,0,0,1
ChIJc41_B1itXkERpr663E9CMn4,KFC,55.819760200000005,49.1421781,"restaurant,point_of_interest,food,establishment",4.3,832,"Чистопольская ул., 69, Казань, Респ. Татарстан, Россия, 421001",0,0,0,0,0,0,0,0,0,0,0,1,0,1,0,0,0,0,0,1,1
ChIJ37GX2RutXkERuxglGldc3pU,Бургер Кинг,55.7866831,49.109758500000005,"restaurant,point_of_interest,food,establishment",4.2,1036,"Московская ул., 48, Казань, Респ. Татарстан, Россия, 420111",0,0,0,0,0,0,0,0,0,0,0,1,0,1,0,1,0,0,0,0,0
ChIJpetZrwqtXkERcG4ONos7Fj0,KFC,55.78419400000001,49.150675,"restaurant,point_of_interest,food,establishment",4.3,1380,"ул. Вишневского, 51, Казань, Респ. Татарстан, Россия, 420043",0,0,0,0,0,0,0,0,0,0,0,1,0,1,0,0,0,0,0,0,1
ChIJSWpicIiuXkERWIF7ogniIzg,BURGER KING,55.731471400000004,49.1900671,"restaurant,point_of_interest,food,establishment",4.3,627,"ул. Оренбургский тракт, 209Б, Казань, Респ. Татарстан, Россия, 420138",0,0,0,0,0,0,0,0,0,0,0,1,0,1,0,0,0,0,0,0,1
ChIJfcZXmhqtXkERGURlVVvQH50,STREET FOOD,55.78882289999999,49.1236745,"restaurant,point_of_interest,food,establishment",4.0,23,"ул. Пушкина, 17, Казань, Респ. Татарстан, Россия, 420111",0,0,0,0,0,0,0,0,0,0,0,1,0,1,0,0,0,0,0,0,0
